7600.984288576321,-0.034923352838105874
7601.019504458105,-0.015461264555328709
7601.054720720115,0.02902768898773816
7601.082894003491,0.010108148512291918
7601.118110949924,-0.02067349260151069
7601.153328276601,-0.027645839385080962
7601.181502411721,-0.010927354161876563
7601.21672042285,0.02210131265017351
7601.251938814237,0.004925041154036508
7601.28715758589,0.015162425946289354
7601.315332877008,0.0011272184223487106
7601.350552333152,-0.01758025809803766
7601.385772169577,0.01039282296732301
7601.413948312525,0.04200364262001548
7601.449168833473,0.002267200620135946
7601.484389734716,0.02500276681724411
7601.519611016264,0.051451524431897225
7601.5477883153235,0.028476146003680574
7601.583010281432,0.011379474484094664
7601.618232627859,-0.013631407088345555
7601.645970493353,-0.03154658004594118
7601.681193519616,0.009953524345209859
7601.716416926214,0.035366510276511276
7601.744595925338,0.015050145929620692
7601.779820016554,-0.021247648297011108
7601.815044488124,-0.03444658309624524
7601.850269340051,-0.011652385447248977
7601.878449495453,0.014798059652170565
7601.913675032037,0.0024303776739665094
7601.948900948995,0.004740800909967079
7601.977081956435,0.005469844547964912
7602.012308558082,-0.011696155535487257
7602.047535540115,0.008600013492185902
7602.082762902547,0.00301154618879821
7602.110945066382,0.02313457818086041
7602.14617311354,-0.0003873605038069198
7602.181401541111,-0.004218754215811263
7602.209584557067,-0.013971064910855716
7602.244813669393,-0.01879443181813355
7602.280043162149,-0.0467495066024678
7602.315273035337,-0.0660182831212507
7602.343457207803,-0.032387862559322
7602.378687765788,-0.02712335104130263
7602.413918704223,0.008805047948107193
7602.442103728899,-0.008936251645163798
7602.477335352156,0.01150673907486925
7602.512567355883,0.04746926559416715
7602.5407532328045,0.007750274792381989
7602.575985921384,0.0009746088446338827
7602.611218990446,-0.02939636050793731
7602.646452439997,-0.011759835861958175
7602.67419904932,0.0026368114880214915
7602.709433179009,0.014112442826394046
7602.7446676892,0.0026391303205098994
7602.772855571322,-0.01225761260293572
7602.808090766439,-0.014633573912976788
7602.843326342075,0.004855436756617772
7602.878562298237,0.012913015580430695
7602.906751337149,-0.026274664874880328
7602.941987978275,-0.045335915239555345
7602.977224999942,-0.04875796891581789
7603.005414891271,-0.0360428856907757
7603.040652597931,-0.023629835220792962
7603.07589068515,0.015505571315842619
7603.10408142893,0.016174175523789476
7603.1393202011695,-0.025030343996914974
7603.174559353983,-0.015575281363255198
7603.209798887378,0.0006869311593526647
7603.237990788117,0.02544590032237131
7603.273231006574,0.029991823184866234
7603.308471605624,-0.01828628991794886
7603.336664358901,-0.010240347804904489
7603.371905643043,0.005090416060524052
7603.407147307799,0.0230040854397779
7603.442389353174,0.0273068103203505
7603.470583263524,0.004719166981880476
7603.505825994027,0.002324559914717563
7603.541069105167,0.019051945841895478
7603.569263868139,9.979953288501226e-05
7603.604507664435,0.018426882597093786
7603.639751841386,0.009110413518607892
7603.674555839674,-0.009871417451192991
7603.702751756028,-0.007861491720944955
7603.737996994076,-0.027253328858498058
7603.773242612795,-0.00608024628600394
7603.80143938186,-0.012463926512690857
7603.836685685806,0.00031621811455151964
7603.871932370444,-0.004186377036853476
7603.900129992253,0.003034561940240762
7603.935377362147,0.04092317973646405
7603.970625112744,0.012699453938421234
7604.005873244055,0.014329689240180623
7604.034072023221,-0.0025703372082560056
7604.069320839827,-0.0012683803392977435
7604.104570037163,0.041218688369417215
7604.132769669158,0.053078008428794794
7604.168019551817,-0.0032473215778593715
7604.203269815222,-0.037742055421630956
7604.238520459376,-0.047302283886243766
7604.266721248842,-0.04753749030417645
7604.3019725783615,0.0018285846000402276
7604.337224288645,-0.030897300567886008
7604.365425931031,-0.01614900313632024
7604.400678326708,-0.04315327566986423
7604.435931103169,-0.035879107479843686
7604.464133598506,-0.023562660711270535
7604.499387060391,-0.026511959352102706
7604.534640903075,-0.007853695629485383
7604.569895126562,-0.016610354686750158
7604.598098779536,-0.021051077530653887
7604.633353688487,0.0030187628904486266
7604.668608978258,-0.0053061393524794385
7604.696372786989,-0.022057740361202994
7604.731628757492,-0.005332437978782318
7604.766885108831,-0.009968702380060318
7604.802141841013,-0.0023315603702212407
7604.830347500971,0.023050799275179876
7604.865604918685,0.014153244794232614
7604.900862717259,-0.00568611688626881
7604.929069230338,0.0036516508270968153
7604.964327714472,0.009765762567289596
7604.999586579481,-0.0034897049223265274
7605.034845825371,-0.013873851878912144
7605.06305349632,0.004199025937665766
7605.098313427811,-0.03329052082831472
7605.133573740199,-0.008318935440145841
7605.161782264359,-0.005328016874907198
7605.197043262377,-0.008758648933441766
7605.232304641306,-0.0038617266067707766
7605.260514018712,0.008961113921100454
7605.295776083302,0.006701556431499181
7605.331038528821,0.02852862832810196
7605.366301355275,0.026653635898169555
7605.394511890717,0.03484026130094069
7605.429775402869,0.04711493361113434
7605.465039295975,0.049322446087070426
7605.493250684746,0.03280197915118364
7605.528515263579,0.016230006601992572
7605.56378022338,0.024371597835224825
7605.599045564155,-0.012961857378348597
7605.62725811108,-0.004340607757250982
7605.6625241376205,-0.0012994343404378614
7605.697349712706,-0.020966489964071414
7605.725563109238,0.011653865986447956
7605.760830197804,0.039236796288163706
7605.796097667376,0.043618713056075405
7605.824311917362,0.0434674895047576
7605.85958007276,0.04308573780578922
7605.8948486091795,-0.007835553150398147
7605.930117526627,-0.0308954354983227
7605.958332934931,-0.027775859382169994
7605.993602538245,-0.010540666178664351
7606.028872522604,-0.00123627147648507
7606.057088784445,-0.0416506216125459
7606.092359454697,-0.015531785430029098
7606.127630506011,-0.0030945840105305253
7606.162901938391,0.005780034667960868
7606.191119358667,-0.015943686476352015
7606.226391476981,-0.028268220182916973
7606.261663976378,-0.008587310265383955
7606.289882250279,-0.05182750462554401
7606.325155435638,-0.07418792559852047
7606.360429002099,-0.049141972218149574
7606.395702949663,-0.059137452699847326
7606.423922382115,-0.0321397242362487
7606.459197015681,0.013065513427693095
7606.49447203037,0.010726747691209945
7606.522692316533,0.014654345768200136
7606.557968017253,-0.0056939701529463696
7606.593244099113,0.0322720915534059
7606.621465239021,0.038612733460329625
7606.656742006941,0.028259604877887146
7606.692019156017,0.04047948129071964
7606.726855714767,0.06394053081360183
7606.755078009582,0.046219813774720606
7606.79035622115,0.009754360812380285
7606.825634813897,0.017637133613243403
7606.853857962543,0.013144787302366255
7606.889137241418,0.003959691336421244
7606.924416901485,-0.02128269172004418
7606.959696942752,-0.03584196699033105
7606.987921250229,-0.04589675890349131
7607.023201977665,-0.04059425242876815
7607.058483086315,0.010032863608355784
7607.086708247712,0.03665007897955667
7607.121990042562,0.06347012219751272
7607.157272218639,0.052239543768247895
7607.185498233993,0.03316537969938722
7607.2207810963,0.017181488068951024
7607.256064339855,0.013973836172906949
7607.29134796466,0.017497258996847353
7607.31957513901,0.03275304920746856
7607.354859450086,0.006377856022002431
7607.39014414243,-0.027332989345345875
7607.41837217082,-0.05538179892090206
7607.45365754946,-0.0223463504332659
7607.488943309386,-0.015427502240289574
7607.5242294506015,0.0007652798720759851
7607.552458638107,0.02639913956571256
7607.587745465661,0.04283734373752573
7607.623032674522,0.046323672161709455
7607.651262716155,0.04210410197706939
7607.686550611382,0.025578939897532092
7607.72139778212,0.022879489188083142
7607.756686435233,-0.003944797593742662
7607.784917632283,0.011555578192281958
7607.820206971799,0.03175608768536778
7607.855496692664,0.0403758538660854
7607.883728743926,0.038929112160052785
7607.919019151226,0.023855821826178004
7607.954309939885,0.013084371129181236
7607.982542845397,-0.004810518303086048
7608.017834320523,0.007746128963194189
7608.053126177024,0.02165369144286221
7608.08841841491,0.02185190621023702
7608.116652479817,0.03284938124310635
7608.151945404209,-0.013748700006341472
7608.187238709998,-0.006943176504498723
7608.215473629242,-0.016098586354036663
7608.250767621565,-0.030278844590255302
7608.286061995304,-0.034752417404890844
7608.321356750466,-0.0380847402971791
7608.349592829223,-0.01537975898917542
7608.384888270956,0.0041792415149220765
7608.420184094129,-0.010152698336214174
7608.448421027307,-0.024954305070075376
7608.483717537082,0.022973197532622582
7608.519014428312,0.03532575705799764
7608.547252215946,0.012334373150240354
7608.582549793808,0.019283455316953853
7608.61784775314,0.018010173401220533
7608.653146093949,0.02048271868301304
7608.681385041261,0.024044664649899482
7608.716684068742,0.009350639447265918
7608.751542232748,0.008961577635671004
7608.77978203079,0.021718355306143165
7608.815082121694,0.019175098967424264
7608.85038259411,0.004896137465549076
7608.885683448037,0.0003356817722674837
7608.913924405874,-0.003980002541182886
7608.949225946542,0.0021034730989936763
7608.984527868744,0.009704053091864846
7609.012769681211,-0.004812498693520981
7609.048072290178,-0.001962321379600121
7609.083375280696,-0.0037555840812204355
7609.118678652765,-0.0002360941625263357
7609.146921625144,-0.011910112557132504
7609.182225684025,-0.03552268146090828
7609.217530124472,-0.054952761582453206
7609.245773951566,-0.021027455052727528
7609.281079078854,0.012231426659359298
7609.316384587727,0.02039349478414102
7609.34462926957,0.039075712495926014
7609.379935465312,0.03011210905262681
7609.415242042656,0.0044527073163486515
7609.450549001608,-0.006418778433794585
7609.478794843529,-0.0033327977513433124
7609.514102489387,0.031016215104151087
7609.549410516871,0.052775545880401425
7609.577657213631,0.03842402058760081
7609.612965928052,0.04062362674058237
7609.648275024111,0.0013073358437157856
7609.683584501818,-0.0006717926033329259
7609.711832358773,0.0009889443355066158
7609.746701144041,-0.01692634271838256
7609.782011685616,0.005697164732811056
7609.810260393678,0.017263454846812326
7609.84557162226,0.023275856700601578
7609.880883232517,0.024195081535112118
7609.9091327955375,0.037094839261548974
7609.944445092834,-0.020323257900143582
7609.979757771823,0.007298968912789051
7610.015070832515,0.013732809422681205
7610.043321555893,0.0405736965513368
7610.078635303659,0.03566694671349723
7610.113949433142,0.03811162634045083
7610.142201011568,0.025569433579813436
7610.177515828156,0.02860420764889707
7610.212831026476,0.029897010400697876
7610.248146606536,0.010199559198863423
7610.276399345439,-0.0024559312833997114
7610.311715612642,-0.01609093512426826
7610.347032261601,-0.0008925066775751826
7610.375285855637,0.029505305332255094
7610.410603191769,-0.007351722832394314
7610.445920909673,-0.01764871996070905
7610.481239009355,0.0036872373708243264
7610.509493763984,0.00694786964983947
7610.544812550879,-0.020144118284499562
7610.580131719567,-0.012508943546903246
7610.608387329412,-0.009229055825574407
7610.643707185344,-0.02636801655652492
7610.679027423085,-0.03254599933937562
7610.707283888187,-0.033543116057035895
7610.742604813198,-0.03663505479634209
7610.777484601346,-0.020137806743700113
7610.812806285246,0.03136872712163031
7610.841063907285,0.008771991113619145
7610.876386278497,-0.013916810623158896
7610.911709031556,-0.022541318449034346
7610.939967508938,-0.03592784691965949
7610.975290949337,0.009850014739788953
7611.0106147716015,-0.0349812012922516
7611.045938975735,-0.03575861797157925
7611.074198613996,-0.016976271202547435
7611.109523505511,-0.01549327898066727
7611.144848778911,-0.03139620567985009
7611.173109272595,-0.006548778778190463
7611.208435233408,-0.004285324375336246
7611.243761576124,0.005568791272638958
7611.272022925269,0.025520181082849248
7611.307349955423,0.02128918164163323
7611.342677367497,-0.007179694096568842
7611.378005161497,0.014318423418293657
7611.406267671685,0.02683029499009308
7611.441596153164,0.004628848377761467
7611.476925016584,0.007971104190847568
7611.505188382322,0.01735525952520511
7611.540517933248,0.016003366424103126
7611.575847866135,0.0008376126733447044
7611.611178180983,0.0162186888823331
7611.639442707881,0.03131423232225064
7611.67477371028,0.015359789984553273
7611.710105094656,-0.013196226045610373
7611.738370477188,0.03128627709340815
7611.773260895888,0.04142242410843796
7611.808593345063,0.043349956173825664
7611.84392617624,0.019368946364819582
7611.872192716229,-0.013777382424887775
7611.907526235024,-0.001303997565459321
7611.942860135836,-0.01231353519074235
7611.971127531546,0.0026566921758111664
7612.006462120005,-0.010762307490976822
7612.041797090502,-0.03361136053726025
7612.070065341965,-0.043247761671613164
7612.105401000136,0.0077766970277279605
7612.1407370403585,0.043559194711529386
7612.176073462637,0.051818921454298596
7612.204342875545,0.0005443366512105156
7612.239679985538,-0.019463854879247833
7612.275017477606,-0.013209297729113454
7612.303287746356,-0.010672060340874817
7612.338625926168,0.03780108852450437
7612.373964488069,-0.005256876307550498
7612.409303432066,-0.02898445146224627
7612.437574862375,-0.036044505089573534
7612.472914494157,-0.02990412675156218
7612.5082545080495,-0.020228878311708942
7612.536526794288,-0.0021315661723374448
7612.571867495994,0.012412845917795321
7612.60720857983,0.025507521032956105
7612.635481722033,0.00934613652124452
7612.670823493711,-0.042496406623102646
7612.706165647535,-0.04303247042356339
7612.741508183507,-0.015964259875243823
7612.769340699556,0.020263391055347357
7612.804683918636,0.017784439782949475
7612.84002751988,-0.007127977251265484
7612.86830267604,-0.009348840820844403
7612.9036469651965,-0.01604389315170272
7612.938991636537,-0.020393640742360584
7612.974336690065,-0.016815335459580808
7613.002613008066,-0.01761881929734366
7613.037958749546,0.0059992574626418155
7613.073304873232,0.01942331251618917
7613.101582047371,0.00020656353270009472
7613.136928859039,0.007402911231736781
7613.172276052927,-0.009658847041099528
7613.20762362904,0.012183750181507033
7613.235901965138,0.0015208439967924086
7613.271250229274,-0.03143855487185682
7613.306598875654,-0.016838831492949263
7613.334878067974,-0.006677223951659084
7613.370227402404,-0.0029616257331364997
7613.405577119095,0.002000429522325442
7613.433857167678,0.0013284661972877035
7613.469207572447,0.019276753937751398
7613.504558359492,0.016159049988075616
7613.539909528819,0.03623069334934993
7613.568190739527,0.03922651515229972
7613.603542596975,0.03244737419563547
7613.638894836719,0.023728134564188437
7613.667176903774,0.01450432392345128
7613.7025298316685,0.024523778367252
7613.737883141876,0.016347231151718572
7613.773236834404,0.003558359127231787
7613.801078136362,-0.005423735703309463
7613.8364325123,-0.03039141655221191
7613.871787270575,-0.03762343121464433
7613.900071352481,-0.03390038539933243
7613.935426798975,-0.03270899831590118
7613.970782627821,-0.026722959163272803
7613.999067566195,-0.01229214496293006
7614.03442408329,-0.013987926946552473
7614.069780982752,-0.011414735939586465
7614.105138264591,0.006986675140821096
7614.133424365373,0.02487881170725284
7614.168782335498,0.006275443731349555
7614.204140688015,0.005111607689801544
7614.232427645355,-0.009869359677490086
7614.267786686189,-0.03024411090235894
7614.303146109428,-0.018406083733062458
7614.338505915083,-0.038013218116975216
7614.366794034947,-0.027524446331396082
7614.402154528959,-0.004637295113890292
7614.4375154054,-0.00958451549102404
7614.465804381904,-0.026969494272877453
7614.501165946732,0.008308537693301143
7614.536527894005,0.01747747380711826
7614.5718902237295,0.01185378418465114
7614.600180362876,-0.005416368186109219
7614.635543381029,-0.03514903124651487
7614.670906781647,-0.01261699681427372
7614.699197777523,-0.0046258590880417704
7614.734561866598,-0.007909613430159957
7614.769926338156,-0.01908040367210394
7614.797776128717,0.009731966987364378
7614.833141283978,0.017702361666339404
7614.868506821742,-0.011181627072075291
7614.903872742011,-0.0037216041943676672
7614.932165753636,0.009850403585288296
7614.96753236243,0.03960061255754656
7615.002899353747,0.043549876693486804
7615.031193222221,0.03088461133650212
7615.066560902093,-0.009840442184695571
7615.101928964505,-0.02581022372717262
7615.137297409458,0.015942277290422455
7615.165592440859,0.04571916917973759
7615.200961574408,0.03772931090599228
7615.23633109052,0.049480756618730824
7615.264626978855,0.014626920131598406
7615.29999718359,0.024914495020247205
7615.335367770902,0.02468041014362805
7615.363664516211,0.03009761628487372
7615.399035792175,0.0038984050555290854
7615.434407450734,-0.03463423191774956
7615.469779491892,-0.03517048092179891
7615.498077400294,-0.03405805981035203
7615.533450130146,0.003698116500915451
7615.568823242612,-0.03812529374882308
7615.597122008074,-0.02630177799204202
7615.632495809263,0.007133895236048911
7615.667869993085,0.026246982803147252
7615.703244559543,0.014974274433119059
7615.731544488216,0.009713094369552104
7615.766919743436,0.014133894511316485
7615.802295381313,0.004719402835870113
7615.830153965468,0.0025235501595604905
7615.865530287353,0.006058255607170773
7615.9009069919075,0.008783418499909853
7615.936284079141,-0.013875940432899978
7615.964586024456,-0.017495926872739057
7615.99996380052,-0.0036375776510926693
7616.035341959276,0.017869580224464898
7616.063644761823,-0.00666422513601793
7616.09902360944,0.003838005089391687
7616.134402839766,-0.026738686685106452
7616.162706499583,-0.04048378291151774
7616.198086418799,-0.04125711995906928
7616.233466720741,-0.025475873736403958
7616.268847405414,-0.008938959645959449
7616.2971522287235,-0.014715728203647938
7616.332533602327,0.002727781306696815
7616.367915358677,0.008869267774021482
7616.396221039342,0.023923654885348658
7616.431603484653,0.00393794420275021
7616.466986312728,0.0067725335237134665
7616.502369523573,0.06022726698525993
7616.530676367845,0.05135110613016802
7616.566060267691,0.008522008723982908
7616.6014445503215,-0.011708751986573184
7616.629752252036,-0.030780925154633765
7616.665137223696,-0.014541595493849957
7616.700522578157,-0.004369039728090968
7616.735908315427,0.01883464768118973
7616.764217180869,0.02168111536056345
7616.799603607207,0.041688915315232236
7616.834548078897,0.024428588831829297
7616.862857798036,0.038744147401462106
7616.898245291512,0.03309926956646106
7616.933633167831,-0.0030401359183497216
7616.961943744534,0.0091237550290037
7616.997332309981,0.023231082902364638
7617.032721258285,0.0031697716980388754
7617.068110589449,0.005831784964695706
7617.096422330047,0.031021891191023034
7617.131812350382,0.03339482323029731
7617.167202753595,0.004248127305459321
7617.195515351841,-0.000666198321064696
7617.2309064442525,-0.02849575136822297
7617.266297919559,-0.0019760450842667156
7617.301689777766,0.006325646559014036
7617.330003540024,0.02520435499615597
7617.365396087469,0.0035379564436052477
7617.400789017832,0.003299352436731754
7617.429103637827,0.008511266144873547
7617.464497257456,0.026856371566122316
7617.4998912600195,0.04238663133267405
7617.5282067377875,0.02118640639950388
7617.563601429648,0.014060519293229936
7617.598996504457,0.014316886235906842
7617.634391962223,-0.009923321819310939
7617.66270860417,-0.008872212814606805
7617.698104751272,0.004205349464330645
7617.733501281347,0.006689445638964059
7617.76181878115,0.0031235887537114032
7617.797216000591,-0.03897702068865914
7617.832613603023,-0.04823506162202236
7617.867569111265,-0.02708163300483753
7617.895887771536,-0.018161409554058486
7617.931286441579,-0.006469899834351272
7617.966685494634,-0.00396476512541444
7617.995005012845,-0.009181041438691744
7618.030404755336,-0.000923815658300852
7618.065804880852,0.004904285212630775
7618.101205389401,0.008584188144909738
7618.12952607203,0.027684408259158997
7618.164927270053,-0.01672840405651745
7618.200328851128,-0.038258799823461885
7618.228650391788,-0.03827862385192245
7618.2640526623645,-0.004541899706619298
7618.299455316008,-0.006536550240611906
7618.327777714735,0.00640872016125845
7618.363181057914,0.018603090404885003
7618.398584784175,0.01181212294435291
7618.433988893524,0.0013144748044019296
7618.46231245683,-0.009534187985676602
7618.497717255752,-0.03404623742161575
7618.53312243778,-0.017616596523931858
7618.561446859239,-0.012979078179031324
7618.59685273087,-0.003974715212171132
7618.632258985621,0.024014411807505787
7618.6676656234995,0.06337744064777891
7618.695991209657,0.05234808474828024
7618.731398537177,0.04392922130477008
7618.766806247842,0.04908445852055066
7618.795132692241,0.005429332143069215
7618.830541092578,-0.00737180075980065
7618.865507263915,-0.018119877657727764
7618.893834562759,-0.02782281353209681
7618.929244031168,-0.01958174457417238
7618.964653882752,-0.027051517258621063
7619.000064117518,-0.0083303092812176
7619.028392581226,-0.012624068629077072
7619.0638035057345,-0.01970238885057822
7619.099214813441,0.0018745297034016013
7619.127544135511,0.0010013205565105156
7619.16295613299,-0.03881021077289939
7619.198368513681,-0.041162503243835136
7619.233781277593,-0.030564371972802803
7619.262111764644,-0.043588464673919504
7619.297525218369,-0.003428670587259074
7619.332939055329,0.006380314752631429
7619.361270400831,0.025767794933519276
7619.396684927632,0.049317284303152034
7619.432099837684,0.021897890444152055
7619.467515130999,-0.007546949570687835
7619.4958476416,0.008132319802606675
7619.531263624794,-0.0011530905415129363
7619.56667999126,-0.013146253938579386
7619.595013360398,-0.00010067878071986395
7619.630430416777,0.022807562370875414
7619.665847856448,0.02353389720450417
7619.694182084158,0.013195578228843532
7619.729600213766,-0.02090586590690015
7619.765018726685,0.016253085720919408
7619.800437622917,0.0036810181204671812
7619.828773015892,-0.008446235372668079
7619.864192602104,-0.018785260709618674
7619.899169819662,-0.013381568335224787
7619.927506067462,-0.014258384834514344
7619.962926722222,-0.013841550114570644
7619.998347760327,-0.0022425269878758604
7620.033769181786,0.01337121392638844
7620.062106594969,0.012892310273331327
7620.097528706477,0.016532792471306644
7620.132951201352,0.01900177378222979
7620.161289473283,0.003574961224976124
7620.196712658237,0.002965809182024065
7620.232136226575,-0.006541972986808412
7620.260475357288,-0.019702647958064406
7620.295899615736,0.0034017722747092544
7620.331324257585,0.0009776821326816282
7620.36674928284,0.0021423967600911102
7620.395089579101,0.01302797357089502
7620.430515294506,0.01509049819797036
7620.465941393334,4.104686319510841e-05
7620.494282548464,0.004044993110395619
7620.529709337469,-0.0031268949513136544
7620.565136509916,-0.021537942199643927
7620.600564065807,-0.041792285233217194
7620.628906386606,-0.0345513429368842
7620.664334632714,-0.038580962798204534
7620.699763262284,-0.02772419121453987
7620.728106442039,-0.02339756622424366
7620.763535761857,-0.03285115129641134
7620.798965465152,-0.01675320703360278
7620.834395551934,-0.010720795065563614
7620.862739897472,0.0022686464299247924
7620.89772778746,-0.0038740223204225587
7620.933158943236,0.022517475289053315
7620.961504143981,0.007823261195716224
7620.996935990073,-0.005697847359664598
7621.032368219682,-0.020395083456444217
7621.060714279506,-0.017560541211108074
7621.09614719946,-0.006512832816769014
7621.131580502948,-0.005338406495435159
7621.167014189978,-0.004163348627268095
7621.195361415751,0.0064275169549210635
7621.230795793165,-0.014792225031927748
7621.266230554135,-0.013228148515527944
7621.294578639076,0.003240095254920415
7621.330014090459,0.03178963396034423
7621.365449925417,0.0286299923802433
7621.400886143952,-0.012180972290244016
7621.429235394961,-0.02772867400370615
7621.464672303951,-0.04436624474742619
7621.500109596536,-0.024714077079044987
7621.528459706798,-0.016462773469652064
7621.563897689868,-0.012371086841899734
7621.59933605655,-0.010205111555325474
7621.627687026098,-0.0031103331425976063
7621.663126083293,0.0008107401777474001
7621.698565524116,0.0007359475250883895
7621.734005348573,-0.004791378014859137
7621.7623574843565,-0.04000461961866133
7621.797797999368,-0.06370896369275954
7621.833238898027,-0.045434373259110906
7621.861591893187,-0.0581833403714426
7621.897033482431,-0.03911221086134528
7621.932032428312,-0.044876103470934375
7621.967474780098,-0.008568378078090756
7621.995828937772,0.007908444077020097
7622.031271980183,0.017233315935461936
7622.06671540628,-0.016568007111830683
7622.095070423419,-0.016607395629922445
7622.13051454017,-0.0388173406022897
7622.165959040625,-0.028702951832862506
7622.201403924791,-0.007413850369025347
7622.229760108399,-0.01713767534458859
7622.265205683259,-0.011348814044819952
7622.3006516418445,-0.003687665338068758
7622.329008685,0.012354293619317938
7622.36445533431,0.00559062165563805
7622.399902367362,0.006658372870924708
7622.428260270101,0.006432894257665474
7622.4637079939075,0.007442279298899506
7622.499156101471,-0.016230023132997644
7622.534604592802,-0.02664733334235394
7622.562963662179,-0.050583799151179776
7622.598412844301,-0.030863121742971223
7622.633862410205,-0.022674249743885752
7622.662222339257,-0.02363699012235642
7622.697672595983,-0.008767513157436494
7622.733123236505,-0.023704709121450483
7622.768574260835,-0.006727259312592436
7622.79693535664,-0.01303241080464019
7622.832387071831,-0.005272772375581259
7622.867839170842,-0.021550620159865065
7622.896201126405,-0.008102320098451608
7622.931210754064,-0.005644799371770166
7622.9666639230045,0.008052208479222873
7622.995026734525,-0.003568970642553879
7623.030480594387,-0.013117659880994195
7623.065934838103,0.021362934201597877
7623.101389465677,0.008834887384013711
7623.129753444119,0.003447642980017526
7623.165208762655,0.0260043080642813
7623.200664465066,0.04655618272900746
7623.229029303389,0.026895347030893052
7623.264485696792,0.008576366458542116
7623.2999424740865,-0.0017949218320198563
7623.335399635276,-0.033128141343149814
7623.363765640641,-0.013123279121462071
7623.399223492862,0.008958782454696524
7623.434681728998,-0.007150823789923486
7623.463048594331,0.006466002869368475
7623.498507521527,0.010061882155470816
7623.533966832654,0.048069626041215716
7623.569426527716,0.03068754118798316
7623.597794560206,0.032659321569354055
7623.633254946371,0.049194878962630736
7623.668715716487,0.014166273628680517
7623.697084609029,0.019559974384373516
7623.732546070276,0.025401856876746995
7623.7680079154925,0.03150116059634993
7623.796377668127,0.01793735604527516
7623.831840204501,0.028840191881113024
7623.867303124862,0.01815842831532489
7623.902766429214,0.011594238729790034
7623.931137349174,0.017686402733650467
7623.966158042412,0.004745008506352336
7624.001622417171,-0.015631287732525857
7624.029994193469,-0.05944356250749166
7624.065459259456,-0.06377644611991773
7624.100924709469,-0.052936086060881196
7624.136390543512,-0.07219533376774218
7624.1647634872525,-0.08204347602665026
7624.200230012564,-0.053433570660151176
7624.235696921922,-0.03567647425391267
7624.264070725925,-0.028980301899133094
7624.299538326584,-0.027146572191873417
7624.335006311303,-0.03485787953153889
7624.363380975608,-0.0317237630145999
7624.398849651657,-0.023496384294697432
7624.434318711783,-0.04025006782326051
7624.469788155997,-0.04188478662068909
7624.498163987911,-0.011974720087659752
7624.5336341234915,-0.004623602606521546
7624.569104643175,-0.009989459850232172
7624.597481335478,0.014506755476474576
7624.632952546559,-0.0015103698411914994
7624.668424141755,-0.012931033158398553
7624.703896121079,-0.03723447360348064
7624.73227398111,-0.04018700198520117
7624.767746651871,-0.05147879750855897
7624.803219706769,-0.05359933701648378
7624.831598427275,-0.030743891214176294
7624.867072173643,-0.028276164010480376
7624.902546304167,-0.015982176019985018
7624.938020818856,-0.03132756177080894
7624.965957269559,-0.0187852472582731
7625.001432470953,-0.01916474440915264
7625.036908056524,-0.031062185377800776
7625.065288801594,-0.038678142119825884
7625.100765078702,-0.01916552351405032
7625.136241740008,0.01695304658146191
7625.164623345673,0.007927377253744065
7625.200100698545,0.008481160968267537
7625.235578435628,0.016605791306575496
7625.271056556928,0.021111521868482107
7625.29943933061,0.013423622158285912
7625.334918143514,0.020202957357924493
7625.370397340655,0.017643385854460587
7625.398780975021,0.016308774263263746
7625.434260863798,0.025203939445815265
7625.469741136826,0.017914487193816143
7625.505221794109,0.012385978726807618
7625.533606596606,0.03505571912373706
7625.569087945566,0.010193117428384591
7625.6045696788,0.020138637453603656
7625.6329553420655,0.009202361374356703
7625.668437767005,-0.02506378999898119
7625.703920576234,-0.03395622949921519
7625.732307100309,-0.05704113716524409
7625.767790601272,-0.0200603918160024
7625.803274486543,0.02776619773009902
7625.838758756125,0.028275475415484544
7625.867146448498,0.008549962572731905
7625.902631409854,-0.021925093102142065
7625.938116755539,0.0044844967315942
7625.9665053088065,-0.022524295077208552
7626.001547768457,-0.021188989716900045
7626.037034185487,-0.031890313642791386
7626.072520986868,-0.009175118182597041
7626.100910704708,0.002388966047422876
7626.136398197934,0.012039437005918481
7626.171886075526,0.024461896682653958
7626.200276654348,0.024441938220263717
7626.235765223815,0.00975079132229119
7626.271254177666,0.010822121879611336
7626.306743515905,-0.019775858783247183
7626.335135263261,-0.029402583796415332
7626.370625293414,-0.014913870638327767
7626.406115707975,0.030037098503730555
7626.434508316397,0.01720099921621358
7626.469999422902,0.0009534583621283097
7626.505490913828,-0.04387019155949517
7626.533884383357,-0.02948900050604888
7626.569376566258,-0.0098163717279592
7626.604869133595,0.001305304022511877
7626.640362085378,0.009648814719966446
7626.668756723609,-0.001690623761164386
7626.704250367406,-0.01266673153726514
7626.739744395662,-0.04467710675698769
7626.7681398950845,-0.035413818653150964
7626.803634615386,-0.0011707645956187626
7626.839129720165,-0.008941054403466235
7626.874625209426,-0.009336116251134948
7626.903021877666,-0.00041843034592750926
7626.938518059012,-0.004885766336081404
7626.974014624857,-0.009191839729893524
7627.001968441084,0.0035273317533438425
7627.037465694235,0.02029891137295326
7627.072963331904,0.020346862591753747
7627.101361718893,0.023878872693246702
7627.136860048704,0.030988048170310235
7627.172358763047,-0.0069664591751794165
7627.207857861928,-0.04167815770965289
7627.236257417904,-0.030799916695618372
7627.271757208967,-0.023728624365905705
7627.307257384587,-0.028004421494838734
7627.335657801965,0.0006689606024100542
7627.371158669797,0.01711794031366143
7627.406659922198,0.019325920524344543
7627.442161559178,0.03348377990407708
7627.470563145662,0.02953255573583373
7627.506065474894,0.010957574718266192
7627.54156818872,0.009136745554138391
7627.56997063669,0.002362319212482682
7627.605474042798,-0.0034695638311569924
7627.640977833517,-0.024762788356393162
7627.67648200885,-0.016057537804325717
7627.704885626044,-0.011553338468251453
7627.7403904937,-0.0019458973886151447
7627.775895745988,-0.004842312143250256
7627.804300224759,0.015039702864637685
7627.839806169399,0.016063545508066324
7627.875312498688,0.007545694429715201
7627.903717839071,0.010949536108707476
7627.939224860742,0.00837777815021773
7627.974732267078,-0.023399016985267584
7628.009796208323,-0.020848464505416376
7628.038202714249,0.0032039301486199573
7628.073711192869,0.0008639313822327439
7628.109220056176,0.014535145790863032
7628.137627423802,0.009442352492208851
7628.173136979563,-0.0030357834466399605
7628.208646920025,-0.029270844307187995
7628.244157245196,-0.003313403876500163
7628.27256578233,-0.006239094265405298
7628.308076799995,0.008342266233747548
7628.343588202387,0.016732114074652388
7628.371997601304,-0.0032071832210835184
7628.407509696217,-0.012189507954256232
7628.443022175871,0.0387379246036476
7628.471432436614,0.038182940939803914
7628.506945608818,0.04062865810738655
7628.542459165782,0.023679278227805085
7628.577973107513,0.024576005249174866
7628.60638453793,0.01436585857111752
7628.641899172252,0.016606550157220606
7628.677414191351,-0.0071066004321306145
7628.70582648368,-0.014322270919324821
7628.741342195403,-0.014497407247766549
7628.776858291923,0.020439516864600344
7628.812374773246,0.014852198266912964
7628.840788235368,0.013796972278267258
7628.876305409353,0.037015950127993726
7628.911822968159,0.030643403480751785
7628.940237292276,-0.006602625289412258
7628.975755543772,-0.027402466359097984
7629.011274180105,-0.02396311125589279
7629.04634921114,-0.023715147343503395
7629.07476470132,-0.018884929243468473
7629.110284410416,-0.03948868320029548
7629.145804504371,-0.0055976991191466
7629.174220856636,6.204217265861328e-05
7629.209741643349,0.026475580099784093
7629.245262814939,0.014367576038433643
7629.273680029325,0.019006208199046908
7629.309201893704,0.035883568727458785
7629.344724142975,0.02791818194761012
7629.380246777145,-0.01978827462957001
7629.40866516161,-0.03961601220394957
7629.444188488608,-0.03029556561515298
7629.479712200521,-0.023361423996258693
7629.508131447194,-0.03224652306917743
7629.543655851967,-0.014139436750013458
7629.57918064167,0.005443488636858519
7629.614705816312,0.01763510418183568
7629.643126233179,-0.003416889804929636
7629.67865210072,-0.0008391562218636439
7629.714178353214,0.005113906249511222
7629.742599632379,0.009607957542030874
7629.778126577799,0.030845798964350246
7629.813653908191,0.007059967907232771
7629.842076049688,0.016212783319087043
7629.87760407304,0.007829805143179267
7629.913132481377,0.014596313663255051
7629.948661274705,0.002381487924484074
7629.977084586567,0.004278454439163707
7630.012614072895,0.027179132265725797
7630.047699818464,0.0031079722198098223
7630.076123988893,-0.015601324639481513
7630.111654548447,-0.009153696777965807
7630.147185493025,0.006486687371007271
7630.182716822633,0.009699568493465927
7630.211142163545,-0.0074242347516909266
7630.246674186224,-0.017910535047577704
7630.282206593948,-0.03530788223566607
7630.310632797365,-0.037507525166493784
7630.34616589819,-0.025242476593390233
7630.3816993840765,-0.00736105436292458
7630.417233255033,-0.013211203489815743
7630.445660629051,0.014384188971291205
7630.481195193147,0.017891273880858975
7630.516730142329,0.007526651099496157
7630.545158378939,-0.015653873975743044
7630.580694021291,-0.013983501589986432
7630.616230048742,-0.005883913816098448
7630.644659147982,-0.008881603474922162
7630.680195868634,-0.011691415768567848
7630.715732974404,-0.00881939070005111
7630.751270465297,-0.007411782580566293
7630.779700735307,-0.02730118546912664
7630.81523891944,-0.030056682752079903
7630.850777488716,-0.021263219392450378
7630.879208621439,-0.0035036020851088494
7630.914747883983,-0.0006916623217760696
7630.950287531684,-0.019288400573535036
7630.985827564547,-0.03776274746192659
7631.014259868161,0.0006936365312309214
7631.049800594333,0.03350974315377741
7631.084897439417,0.01830983918633381
7631.113330601979,-0.0076207786540814304
7631.148872401855,-0.0023583220096220926
7631.18441458693,-0.027224730161941133
7631.219957157203,-0.01339018197535558
7631.248391490773,0.0005098470696536001
7631.283934754425,0.01762876524148023
7631.319478403299,0.025653034909723826
7631.347913599757,0.031237605101978014
7631.383457942038,0.016045498883840013
7631.419002669551,-0.0021698612074532646
7631.447438728938,-0.016238138736798302
7631.482984149893,-0.024318396232685485
7631.518529956097,-0.02286916440224767
7631.55407614756,-0.048846997692647894
7631.582513378119,-0.02333850836421639
7631.618060263059,0.009728151655364505
7631.653607533274,0.019391100584008718
7631.682045626848,0.01793395284450619
7631.717593590569,-0.008008582006964285
7631.753141939583,-0.003910032098956615
7631.788690673892,-0.0072397047332453755
7631.817129938758,0.0010968500177063053
7631.852679366614,0.003107503735676815
7631.888229179785,0.01979294837024913
7631.916669307751,0.020425576628710626
7631.9522198145,0.030686336993187728
7631.987770706579,0.0042169204885264475
7632.016211697681,0.010256337948395014
7632.051763283366,-0.002119092438511924
7632.086870852382,0.03228799652946529
7632.122423203948,0.030008684162352542
7632.150865362657,-0.0020334430590525244
7632.18641840787,-0.01292411572932446
7632.221971838452,-0.0033803186172016663
7632.250414860387,-0.014248433725855993
7632.285968984645,-0.0013939195514164713
7632.321523494289,0.0006653183655853007
7632.357078389324,0.04292289421893293
7632.3855225828365,0.026715066737334002
7632.421078171588,0.005068965739952853
7632.456634145748,0.008928464895654816
7632.485079202573,0.024107158029162287
7632.520635870477,0.04881082434238898
7632.556192923807,0.04645909566373621
7632.591750362568,0.04289138097524786
7632.620196591088,0.025827097587736887
7632.655754723635,0.008180035583951232
7632.6913132416275,0.03073189194203599
7632.719760333546,0.027763330168552522
7632.755319545357,0.00270261019549216
7632.79087914263,0.005646968304509896
7632.819327097985,-0.0014603082015431502
7632.854887389104,-0.0034541212269551622
7632.890448065704,0.00863199866458946
7632.926009127787,0.019666021026928736
7632.954458255006,-0.012194709872665509
7632.990020010976,-0.027456642486060737
7633.025582152449,-0.04496545188634179
7633.054032143191,-0.05989908711027801
7633.089594978581,-0.056197048487093136
7633.124713656845,-0.03051807958772273
7633.160277258457,-0.03024005631220707
7633.188728417329,-0.03635368716917698
7633.224292712896,-0.014024975612155044
7633.259857394005,0.014508952593064728
7633.288309416485,0.03656287646801338
7633.323874791581,0.04364657770559725
7633.359440552232,0.006833050467896311
7633.387893438358,0.006106741184312297
7633.423459893029,0.010421397675852557
7633.459026733271,-0.010283031662289123
7633.494593959092,-0.013349367382969919
7633.523048017369,-0.010838212685540648
7633.558615937247,-0.015596363951894218
7633.59418424272,-0.019564029198715117
7633.622639164731,-0.00046030095881510025
7633.658208164291,0.022977504392492742
7633.693777549464,-0.0016758413173722406
7633.729347320253,0.00041015163328606116
7633.7578034145345,0.018994804420582437
7633.793373879451,0.019531604282102294
7633.828944730003,0.0076446028445707175
7633.857401688105,-0.006570780074879859
7633.892973232814,-0.008580007682515257
7633.928545163172,-0.01362003742236108
7633.964117479187,-0.020519716854769058
7633.992575609677,-0.015659465993753098
7634.02814861989,-0.007290518329812546
7634.063722015777,-0.007645401676734211
7634.092181010173,-0.00415074797380164
7634.12731042178,-0.003242112110333081
7634.162884892761,-0.008505806936209117
7634.191344747246,-0.0021029548206584134
7634.226919912486,-0.034992352696096705
7634.262495463428,-0.02538148224201735
7634.298071400086,0.014614724527719723
7634.326532427127,0.018554385998552234
7634.36210905808,-0.0015082015751571463
7634.397686074761,-0.0192105458034355
7634.426147965836,-0.040223216893413245
7634.461725676843,-0.029499508425228076
7634.497303773595,-0.019559045513149347
7634.5328822561005,-0.041667793238005284
7634.56134531985,-0.020724543017045804
7634.59692449672,-0.006760437225700223
7634.632504059358,-0.012573636637833249
7634.660967987227,-0.017171400489662564
7634.696548244262,-0.012378405194882688
7634.732128887081,0.005427386836995028
7634.760593679105,0.0015947710377351972
7634.796175016349,0.017180036174526327
7634.831756739397,0.017672789364936582
7634.867338848248,0.04902418614355188
7634.895804813114,0.02956962615254163
7634.931387616434,0.0023495845957983803
7634.966970805575,0.012721982385416986
7634.995437634687,0.003895268725317094
7635.031021518325,0.0068497665582409415
7635.066605787803,0.018445602211724157
7635.102190443125,0.04171689676254031
7635.130658445198,0.02976586205804112
7635.165798975801,0.004892451226487307
7635.2013847067,0.027858901217041168
7635.229853569245,0.02024506145482855
7635.26543999471,-0.00229390899340314
7635.301026806052,-0.007437471821844264
7635.33661400328,0.022394111281899297
7635.365084038903,0.023662575447096906
7635.400671930737,0.05126725881241991
7635.436260208473,0.04359096902777734
7635.464731108512,0.0216103634485652
7635.500320080883,0.033345398726573335
7635.535909439173,0.039561160647904034
7635.564381203667,0.039902087491223134
7635.599971256622,0.04869243176640716
7635.635561695511,0.035982422695535414
7635.67115252034,0.045180834903259234
7635.6996254580845,0.04590872583628245
7635.735216977618,0.03415812367521519
7635.770808883109,0.015353643267901937
7635.799282685394,0.0036811334490243998
7635.834875285621,-0.013784887343980897
7635.870468271821,0.001374523009182162
7635.906061644,0.010584248857675093
7635.934536619652,0.022022598697170777
7635.970130686608,0.004698552018572181
7636.00572513956,-0.012527388504639298
7636.03420097984,-0.0397480595353049
7636.069796127596,-0.04497904292153661
7636.105391661365,-0.05367572038201275
7636.133868366314,-0.03903387264161378
7636.169019639678,-0.028639663690195497
7636.204616249485,-0.008118829518644
7636.240213245329,0.0006565018756128188
7636.268691119949,0.01322413474349584
7636.3042888106675,0.017334140114023514
7636.339886887437,0.01993648055842643
7636.368365626812,0.006397290223961063
7636.403964398487,0.011643756477113715
7636.4395635562305,0.02035572027741892
7636.475163100045,0.0066799041099751995
7636.503643013075,-0.015247485894082265
7636.5392432518365,-0.04275595806777133
7636.574843876687,-0.04891398117262823
7636.603324654558,-0.04622911164335576
7636.6389259743855,-0.01105181413219267
7636.674527680319,0.0054311491158193035
7636.710129772365,-0.02591625887656025
7636.738611724007,-0.04239992220977553
7636.774214511068,-0.018484016214098523
7636.8098176842595,0.004420935984954295
7636.838300500828,0.007602678866872569
7636.873904369066,0.018727822788124102
7636.909508623449,0.016822628941528247
7636.937992304985,-0.001963122729158242
7636.973597254442,-0.013887705756930525
7637.009202590062,-0.013463760273448339
7637.044808311851,0.0006533260100290094
7637.0732931673265,0.019609614159755775
7637.108899584231,0.037581075355116254
7637.144506387319,0.037726308706134005
7637.172992107848,0.006537482572362856
7637.208154509972,0.012491622530005216
7637.243762389578,0.027390686296499704
7637.279370655392,0.02726139714809055
7637.307857546118,0.03310955664612116
7637.343466507119,0.03454048347291912
7637.379075854343,0.004587475043244874
7637.407563610206,0.016869396622605597
7637.443173652648,0.009494508964711407
7637.478784081329,0.026783209319416572
7637.507272702367,0.0064730279700229735
7637.542883826295,0.03193350331632937
7637.578495336477,0.0459972270845866
7637.614107232923,0.03946223932397464
7637.64259702819,0.040289905801465783
7637.67820961992,0.039376775980419346
7637.713822597931,0.038784143638524594
7637.742313258464,0.02425584631975744
7637.777926931791,0.016238666923162687
7637.813540991409,-0.0007627116124450362
7637.849155437332,-0.008695096741536606
7637.877647272211,-0.013803746877702985
7637.91326241349,-0.022031618487367052
7637.948877941086,-0.01614787639449919
7637.977370641315,-0.01476570527768142
7638.012986864297,0.00026164098699273884
7638.048603473615,0.023335750694739716
7638.084220469272,0.03170311618863745
7638.112714343966,0.016133931865849237
7638.148332035051,-0.004425507359861578
7638.183950112491,-0.022586437403095766
7638.211999620407,-0.023666839718154028
7638.2476183884755,-0.03728962053189667
7638.283237542916,-0.016570718238482822
7638.311733144663,0.006635178482472447
7638.347352994588,-0.03187799804858663
7638.382973230904,-0.0478813342839045
7638.4185938536175,-0.021989391238487678
7638.447090629997,-0.011746818516302012
7638.482711948234,-0.002336434908717526
7638.518333652886,-0.011493849732690724
7638.546831294828,0.0037989994764960943
7638.582453695036,0.021421985186999327
7638.618076481673,0.029987140447958083
7638.653699654743,0.008951065159996495
7638.682198471436,-0.0007581476256018353
7638.717822340104,0.0014744703141623431
7638.753446595223,-0.011137184368777631
7638.781946277567,-0.008739900384239451
7638.817571228313,-0.016017560764570973
7638.853196565527,0.0078050347421888796
7638.881697113559,0.023511861710305667
7638.917323146427,0.03809501394391349
7638.952949565782,0.047179025209258194
7638.988576371626,0.015306382548886813
7639.017078094579,0.007071763415107274
7639.05270559612,-0.0028719565307204886
7639.088333484168,0.010510539578545584
7639.116836072896,0.0011240222949563316
7639.152464656671,-6.660571788399967e-05
7639.18809362697,-0.0010854421793228155
7639.22327761445,-0.004417497470742951
7639.251781374352,0.017202077009193847
7639.287411422116,0.04273920298938582
7639.323041856423,0.05778400669854517
7639.351546482187,0.04287091639383361
7639.387177612293,0.05088788762259406
7639.422809128961,0.03322904675039266
7639.458441032197,0.03552934449207402
7639.486946833117,0.006528877589950101
7639.5225794321905,-0.010175612744646146
7639.558212417849,-0.005989460171780742
7639.58671908472,-0.018075379638359854
7639.622352766245,-0.020821990278422457
7639.657986834372,-0.01084729388652608
7639.68649436723,-0.025444123739076376
7639.722129131255,0.0002677231269836588
7639.757764281895,0.0192402725817337
7639.793399819159,0.021870123865191674
7639.821908527346,0.01763969474329685
7639.857544760548,0.006993767620086323
7639.893181380391,0.03707274953557236
7639.921690954648,0.03872896827065011
7639.95732827046,-0.01289670460553955
7639.992965972927,-0.011422270871545116
7640.028604062057,-0.016702900860100862
7640.057114811761,-0.03362964809505418
7640.0927535968995,-0.04483678670591803
7640.1283927687155,-0.004536345223424406
7640.156904384582,-0.012465630221599945
7640.192544252436,-0.03432432339646428
7640.228184506987,-0.01405105842753747
7640.256251479618,0.0028739750998238323
7640.2918924254,-0.006521117027551343
7640.327533757897,-0.028879101228744933
7640.363175477112,-0.03799433429408547
7640.391689130925,-0.02139813876640873
7640.427331546247,-0.0039035834546486325
7640.462974348305,-0.009177233694372495
7640.491488868405,-0.014456688775192173
7640.527132366599,-0.011628184197168474
7640.562776251547,-0.0002774850831211888
7640.59842052325,0.0011923573231902448
7640.626936219082,-0.003984037454281905
7640.6625811869635,0.0024079526538432427
7640.69822654162,-0.011720876933597645
7640.726743103824,-0.014259343711360837
7640.762389154688,0.0037146524517197733
7640.798035592344,0.001392912551638241
7640.833682416795,0.010968296039442613
7640.862200154851,0.02389978172520311
7640.897847675551,0.0005133791925589225
7640.933495583063,-0.01508667861526774
7640.962014187583,0.005340609909784711
7640.997662791373,0.0010589525650356066
7641.033311781992,0.0036453926466761353
7641.061831253011,0.011247178002501386
7641.097480939938,0.019130725576757004
7641.133131013713,0.025103115259533133
7641.168781474337,0.02695025163924107
7641.197302121377,0.0073896645560688505
7641.232953278351,0.004460003930047177
7641.268159175508,0.0054492251975543134
7641.2966806852655,0.035108569562069245
7641.332332920651,0.04847711356451162
7641.367985542922,0.03997560688274859
7641.403638552083,0.01699008836956105
7641.432161237978,0.030028739463546828
7641.46781494356,0.031770892301993855
7641.503469036048,0.05051735101874096
7641.531992588617,0.030197367401590465
7641.567647377554,0.015290644047114993
7641.603302553415,-0.005769172375271063
7641.631826972694,-0.02053845317485629
7641.667482845035,0.00795676860104481
7641.703139104314,0.01551578654568357
7641.738795750542,-0.009869056247471126
7641.767321346131,-0.018829440210019054
7641.802978688877,-0.0029355535306843828
7641.838636418586,-0.0003872717292013662
7641.867162880972,-0.005464902718387029
7641.902821307231,-0.01511539941867093
7641.93848012047,-0.01854568287843502
7641.974139320694,-0.011823398072644315
7642.002666959506,-0.021155102282761056
7642.03832685632,-0.05149146889677044
7642.073987140137,-0.03439424241477274
7642.102515645836,-0.002820613366480166
7642.13817662627,0.010384276117129143
7642.173837993724,0.009394896882974367
7642.2094997482045,0.009640801501548075
7642.238029430449,0.004855732811140343
7642.273691881587,0.015517500839150095
7642.308908931904,0.012053832127264607
7642.337439477251,0.017583197854222847
7642.373103007282,0.019232484019656226
7642.408766924372,0.022939459827719538
7642.43729833673,0.0335659303539723
7642.47296295054,0.06859033009245052
7642.508627951423,0.0717467911486372
7642.544293339387,0.05498086437716043
7642.572825928461,0.039614239989550104
7642.608492013187,0.028166581381276624
7642.644158485008,0.006365534625124724
7642.672691941178,0.013217530910149019
7642.708359109789,0.009372253454658449
7642.744026665514,0.021046420238892666
7642.779694608359,0.016587104336581074
7642.808229241364,0.023434442408868147
7642.843897881039,-0.004459068774961723
7642.87956690785,1.8678010878777056e-05
7642.9081024080415,0.018727868383510562
7642.943772131712,0.046050495547718846
7642.979442242536,0.02398241093095018
7643.007978609949,0.015617420541690874
7643.043649417664,0.014773552107603043
7643.079320612547,-2.7200212013532507e-05
7643.114992194604,0.011347667747628453
7643.143529739023,0.015933861327663997
7643.179202018013,0.017591384842201244
7643.214874684192,0.005386387252307635
7643.243413095919,-0.007856894005830948
7643.279086459062,-0.014076111223732845
7643.314314285142,-0.012731785877116587
7643.349988417866,-0.020902036070046415
7643.378528002843,0.002739751450383808
7643.41420283257,0.01575830079289345
7643.449878049526,0.01945939106293852
7643.478418501901,0.005755709201755249
7643.514094415887,-0.023143954670131663
7643.549770717123,-0.014500937347543714
7643.585447405611,-0.02396524010051763
7643.613989035226,-0.045327260469181764
7643.649666420786,-0.03154906781900285
7643.685344193616,-0.025308081933221243
7643.713886690719,0.010157813810797207
7643.749565160649,0.017954153611752222
7643.785244017864,0.006775864343256397
7643.813787382489,0.003934413857393057
7643.849466936837,0.0008649436074730133
7643.88514687849,-0.0022169373468480112
7643.92082720745,-0.0014949312482769373
7643.949371749484,-0.012445966243838194
7643.985052775617,-0.019375921347023956
7644.0207341890755,-0.027394350067379305
7644.04927959872,-0.021837496713114135
7644.08496170938,-0.024696654060327294
7644.120644207383,-0.028889471714455855
7644.156327092733,-0.0178824206185718
7644.184873679908,-0.006948647859178097
7644.2205572625,0.005483800409835258
7644.256241232458,0.0007651146546504584
7644.2847886873315,0.021135184427274092
7644.320473354562,0.031303085527969524
7644.355712343598,0.03745922612611714
7644.384260662332,-0.007117032003366126
7644.419946409404,-0.01795830678829056
7644.45563254387,-0.02186969718403756
7644.491319065743,-0.018968490510472547
7644.519868562175,-0.014922481398196043
7644.555555781391,-0.011523479136482778
7644.5912433880285,-0.017652659957109563
7644.619793752282,-0.014956422587207896
7644.65548205629,-0.01519260157304507
7644.691170747736,-0.01791903254248107
7644.726859826624,-0.011596352632221156
7644.755411368696,-0.018956994574575406
7644.791101144998,-0.021615223246356407
7644.826791308758,-0.004163498719278231
7644.855343718743,0.011801896766374342
7644.891034579945,0.04367908257647976
7644.926725828624,0.050846427471621464
7644.962417464788,0.013268108029863121
7644.99097105271,0.016070451181373308
7645.026663386356,0.013155565020879686
7645.062356107498,-0.010463765105187373
7645.090910563417,-0.022168200006972685
7645.126603982075,-0.014459151228793635
7645.162297788249,0.0076475444831254355
7645.190853112202,0.0033191298281967834
7645.226547615918,0.010104535768095477
7645.262242507167,0.010006968627862963
7645.297937785955,0.03566735284628866
7645.326494288013,0.03648653757631617
7645.361744062288,0.01288274347919837
7645.397440421368,0.010895536239659432
7645.425997787675,0.002776229487576861
7645.461694844371,-0.02876781026158772
7645.497392288635,-0.041954554046524706
7645.533090120478,-0.054206924995563524
7645.561648665011,-0.03821651271164503
7645.597347194508,-0.02595637228475009
7645.633046111597,-0.0061429783400540365
7645.661605524342,-0.003492049367968048
7645.697305139118,0.005023448677703737
7645.7330051415,0.002748413076766152
7645.761565422492,0.0033114000225520947
7645.797266122591,-0.006019661217101504
7645.832967210316,-0.026175805311044104
7645.868668685675,-0.019960192040689335
7645.897230145062,-0.008656022363676257
7645.932932318176,-0.019302311731111226
7645.968634878938,-0.03199832446107537
7645.997197206659,-0.014566202604858362
7646.032900465207,-0.015249580121730277
7646.06860411142,-0.025102604938788207
7646.104308145307,-0.01681527275805418
7646.132871651544,-0.014804499658605438
7646.168576383254,0.0017237533944824857
7646.2042815026525,-0.0050960984619376525
7646.232845877314,-0.007437974738696156
7646.268551694568,0.010023523411283524
7646.304257899527,0.021469974859533343
7646.339964492198,0.0040683043333363395
7646.368530045492,-0.006174387424151954
7646.403790992532,-0.009300899106648702
7646.439498665982,-0.005556844186454972
7646.468065083908,-0.005288333175751239
7646.503773455283,0.002999942937873473
7646.539482214401,0.0028491863511609285
7646.568049500874,0.002213091972733822
7646.603758957948,-0.004369488995304847
7646.639468802783,0.010836281176035743
7646.675179035385,0.00758826712216561
7646.703747500662,0.009437947169289019
7646.73945843126,0.033345471179497224
7646.7751697496415,0.03510598257175741
7646.803739083556,0.005173716113809449
7646.839451099961,-0.030600788777445577
7646.87516350417,-0.015034649004554644
7646.910876296184,0.0017901213433937806
7646.9394468090195,-0.005260636737183297
7646.975160299099,-0.00045735366282213065
7647.010874177004,0.012373455238957302
7647.039445558562,0.01978393049609178
7647.075160134563,0.017674744592023863
7647.110875098402,0.011168333383178653
7647.1465904500865,-0.02228869873594118
7647.175163010687,-0.0434896720219464
7647.21087906051,-0.031976045388150694
7647.246595498194,-0.021011711371481355
7647.275168927606,-0.019251847361857196
7647.3108860634575,-0.007749110446768443
7647.346603587188,0.002986077952942203
7647.375177885449,0.007668276036585452
7647.410449627207,0.042410766607787746
7647.44616823218,0.03804156184934668
7647.481887225056,-0.009022367916109749
7647.510462698648,-0.00767085813163132
7647.546182389761,0.028588256057889692
7647.581902468791,0.019263612869187728
7647.610478811321,-0.010257077133878105
7647.646199588619,-0.008908354987768942
7647.68192075385,-0.027520533740873182
7647.717642307023,-0.02348240343046384
7647.746219828883,-0.02427936488216721
7647.781942080365,0.002142957890243088
7647.8176647198015,0.025687884360748738
7647.846243110685,0.006754021298633187
7647.881966448462,-0.04202994660149148
7647.917690174211,-0.06314203638461921
7647.946269434156,-0.059090974268619735
7647.981993858275,-0.06453516154396158
7648.017718670384,-0.06121762506393448
7648.053443870488,-0.050026712658321884
7648.082024309933,-0.03629248664118771
7648.117750208446,-0.05261725080181006
7648.153476494973,-0.042587514788283994
7648.182057803568,-0.04057256494799051
7648.217784788532,-0.022090120858032594
7648.2535121615265,-0.024250354082878116
7648.289239922557,-0.010067065737202443
7648.317822410771,-0.006447889043636608
7648.353550870281,-0.0035622470057359106
7648.389279717842,0.007109497794129521
7648.417863075293,0.0011217669482223099
7648.453145999643,-0.010346881717116936
7648.4888759289315,-0.016836475611658786
7648.524606246297,-0.019087164766127374
7648.553190779606,-0.013182743581276371
7648.588921795519,0.0006466447506299858
7648.624653199525,-0.0031092289063746506
7648.653238602157,0.016282437587763002
7648.688970704741,0.0339996800164386
7648.724703195435,0.02080402872421415
7648.753289467431,-0.0018414107097457955
7648.789022656732,-0.026373243733447627
7648.82475623416,-0.035593855457348715
7648.860490199718,-0.03797332884916049
7648.889077651624,-0.026367752526570438
7648.924812315829,-0.017460541669918055
7648.960547368186,-0.018824984078190967
7648.9891356895405,-0.02900544204789819
7649.024871440578,-0.014736684188796216
7649.060607579777,-0.0035976506898888912
7649.096344107145,0.008121356070538283
7649.124933608528,0.010036208929228869
7649.160670834619,0.005271353209066063
7649.196408448897,0.03265629823152417
7649.224998819817,0.03785103737935012
7649.260737132845,0.045619655975747256
7649.296475834078,0.05595002247853659
7649.325067074574,0.048019080563799735
7649.360806474584,0.03167830169406352
7649.396546262817,0.020067980443706557
7649.432286439276,0.0224524867344352
7649.460432101484,-0.003125597782778951
7649.496172971912,-0.03153771020580071
7649.53191423058,0.00216188525165369
7649.560507517055,0.017770589115602725
7649.596249474575,0.028885049310769444
7649.631991820355,0.027002178840748736
7649.6677345544,0.04046501972734725
7649.696329021192,0.04390992717211553
7649.732072454129,0.023506289741963764
7649.767816275347,-0.003158236321292859
7649.796411611889,-0.009810940437906274
7649.83215613203,-0.001947976593233906
7649.86790104047,0.014114104826372166
7649.903646337215,0.010248341988477247
7649.932242854192,0.010686075261012812
7649.967988849898,0.02444066894111597
7650.003735233925,0.008182639788326892
7650.032332620743,-0.01254836563396798
7650.068079703763,-0.029143147371795915
7650.103827175121,-0.03336934102120784
7650.132425431815,-0.019148380123142864
7650.1681736021965,-0.01161282978824305
7650.20392216093,0.008483470085012523
7650.2396711080255,0.018486446429810233
7650.268270545325,0.0078709075982901
7650.304020191485,-0.015039500103835021
7650.33977022602,-0.02626209147338293
7650.368370533284,-0.016699257958573823
7650.4041212669135,-0.021319202493355824
7650.439872388937,-0.020828082929535585
7650.475623899361,0.0020695872977033077
7650.503778487187,-0.018204618100155685
7650.539530691889,-0.0007249037889951172
7650.575283285007,0.008230590674879724
7650.603885639164,-0.011681039711504575
7650.639638931446,0.010441782982966646
7650.675392612162,0.0194244016304687
7650.703995836408,0.010901625444405877
7650.739750216318,-0.026326912639176556
7650.775504984675,-0.02787786864592739
7650.81126014149,-0.02137101887153836
7650.839864546632,-0.009722966906776216
7650.87562040268,0.006327349425865336
7650.911376647201,0.014205639496822395
7650.939981922523,0.03547208068023821
7650.975738866307,0.04538321931577252
7651.011496198582,0.024001388473666622
7651.047253919351,0.01914948830732935
7651.075860375686,0.021111606152804413
7651.11161879576,0.010700261116481223
7651.147377604346,-0.0036551845266490257
7651.175984930947,-0.013944252499330416
7651.211744438868,-0.040528584969186994
7651.247504335318,-0.03274114371980165
7651.283264620301,-0.024245971623352437
7651.3118731280365,-0.011884211988542837
7651.347634112397,-0.007141546674650787
7651.383395485308,-0.019988817076833924
7651.412004863397,-0.03325027651909855
7651.447766935713,-0.03013252987898064
7651.483529396598,-0.032729297752894876
7651.511692608033,-0.023863818017516594
7651.547455763495,-0.018996574081104143
7651.583219307544,-0.012021469111368388
7651.618983240181,0.0015058510853378628
7651.647594666079,0.010029228128293242
7651.683359298193,0.019692054945182516
7651.719124318914,0.011861049882270725
7651.747736615292,0.0026686626659888886
7651.78350233552,-0.019487506761557354
7651.819268444372,-0.012697801429091514
7651.855034941851,0.004308479848089714
7651.883648419652,-0.002771839037518668
7651.91941561668,-0.013849500254645104
7651.955183202354,-0.01569318087048882
7651.983797550722,-0.014748988415481406
7652.019565835973,-0.022054422627512338
7652.055334509888,-0.02477531765568398
7652.083949728861,-0.018905690567211444
7652.119719102382,-0.002920314097201771
7652.155488864584,-0.004288037288973977
7652.19125901547,-0.007837318054857875
7652.219875416037,-0.013673389934316832
7652.255646266573,-0.010125224029100368
7652.291417505809,0.01740369873875343
7652.320034777069,0.02064597483053866
7652.355806715984,0.01014861621009929
7652.391579043619,0.007304762465301226
7652.427351759978,0.018146762512650027
7652.45597021295,0.020323634240913584
7652.491743629027,0.005258633158600089
7652.527517433847,-0.010923427586472237
7652.555689578753,-0.011409403160125543
7652.591464078462,-0.030001127878809732
7652.627238966929,-0.019436598682399175
7652.663014244162,-0.023721458433761312
7652.691634745858,-0.009638831987279741
7652.72741072288,-0.007541777330158671
7652.763187088682,0.011285365781324459
7652.791808461248,0.006115849602737797
7652.827585526869,0.017812966986992446
7652.863362981288,0.03135295356475166
7652.891985224762,0.02586764076167791
7652.927763379031,0.00890134938578297
7652.963541922111,0.0012696899896294763
7652.999320854015,0.0022883267115963
7653.027944279492,0.015110289695590388
7653.063723911284,0.008596258183005448
7653.099503931915,-0.004383333380343559
7653.128128228384,-0.004392060910920653
7653.163908948935,-0.0023931259959967155
7653.19969005834,-0.00539984671654166
7653.235471556603,-0.008245723002153758
7653.264097035196,-0.004200499341504985
7653.29987923342,0.0020443025179606986
7653.335661820521,-0.03062541715449998
7653.364288170196,-0.041431860667884034
7653.400071457288,-0.04466545158053664
7653.435855133272,-0.05122169664277768
7653.464482354068,-0.054193326736685477
7653.500266730075,-0.05379868010683011
7653.536051494992,-0.0426407675444593
7653.571389331999,-0.03819714673459978
7653.600017731198,-0.024859079472217768
7653.635803580228,-0.026156037474227144
7653.671589818193,-0.01201772488198845
7653.700219088599,-0.007120051519383964
7653.736006026656,-0.01290710901639726
7653.771793353661,-0.02033224443698752
7653.80758106962,-0.02324354299506776
7653.836211522438,-0.019598252213952047
7653.871999938531,-0.021745049662324687
7653.907788743596,0.0034363965839167235
7653.936420067709,0.019294236875034
7653.972209572938,0.02833662658117412
7654.007999467152,0.029609737370089394
7654.043789750362,0.004510822145481034
7654.072422257008,-0.00920034313252102
7654.108213240422,-0.004193063879073338
7654.144004612845,0.0027099836955467253
7654.172637990876,-0.00038791815155146523
7654.208430063534,0.002462248643172352
7654.244222525218,0.006340978348877849
7654.272856774671,0.013368982039519379
7654.308649936621,0.010243311765218433
7654.344443487614,0.01865676639634607
7654.380237427656,0.015748194397358455
7654.408872859812,0.015028713968559693
7654.44466750016,-0.01154543473490964
7654.480462529576,0.00034175789872091815
7654.50909883324,0.010717962698687336
7654.544894562989,0.016320616935151303
7654.580690681823,-0.012114510309831445
7654.616039730996,-0.029051852235730532
7654.644677213591,-0.015440190032482917
7654.680474417027,-0.016169820420652386
7654.716272009568,-0.00825522483196752
7654.744910363761,-0.011634109687395715
7654.780708656708,-0.03691278477497039
7654.816507338776,-0.031619631420300796
7654.845146564606,-0.012496560367271368
7654.88094594711,-0.005955683041872225
7654.916745718754,-0.020380469414656818
7654.952545879544,-0.014918829341151464
7654.981186288367,-0.0033214490989583027
7655.016987149634,0.00990484053725742
7655.052788400062,-0.01719608621214049
7655.081429680607,-0.018922667746459287
7655.117231631542,0.006563000646232766
7655.153033971656,-0.0017871025730344932
7655.188836700956,-0.013837754864429654
7655.217479164611,-0.005918903666129393
7655.253282594459,-0.0007517292054411302
7655.289086413507,0.010686504303139931
7655.317729748976,0.0059571360009301345
7655.353534268601,0.011639756202366859
7655.3893391774445,0.00740298068532579
7655.425144475514,0.024911869202601078
7655.453788994215,0.029324044415782017
7655.4895949929,0.027856245259969676
7655.525401380828,0.02282060762868116
7655.554046771428,0.028956522895233896
7655.589853860006,-0.0013983102271318754
7655.625213741962,-0.0456182854288641
7655.653860000607,-0.04577382711314751
7655.689668174255,-0.028152127825824536
7655.725476737175,-0.023457115465810106
7655.761285689376,-0.017438008417884548
7655.789933131424,0.0037494752113455356
7655.825742784345,0.006340176335406652
7655.861552826561,0.00880836446609314
7655.8902011406335,0.04171089788311519
7655.926011883601,0.07556953508317966
7655.96182301588,0.08422845548503446
7655.997634537483,0.06673248828371897
7656.026284035075,0.043648092641879
7656.062096257466,0.042678980670912206
7656.097908869194,0.03869050328530074
7656.126559238902,0.034500119885565554
7656.162372551449,0.024390719315959694
7656.1981862533485,0.005497582298605827
7656.226837495207,-0.004935465222668056
7656.262651897959,-0.005425579902970605
7656.298466690079,-0.0050583031324030765
7656.334281871575,0.005654376408446372
7656.362934297127,0.02186055198003463
7656.398750179515,0.02159724987971869
7656.434566451297,0.011604256840519665
7656.463219749086,0.007750982317623962
7656.499036721789,0.026277861863277133
7656.534854083899,0.04490602668601561
7656.570671835425,0.04070933664281156
7656.5993263170285,0.054137889232528096
7656.635144769516,0.03143330649240671
7656.670515873511,0.019738667603350916
7656.699171223547,0.0008035517039030968
7656.734990761592,0.007998117506163744
7656.770810689086,0.021160843480182618
7656.806631006032,0.02048254836090538
7656.835287540003,0.019069195720287122
7656.871108557984,0.0043789777214725155
7656.906929965435,0.000928626117168924
7656.935587371821,-0.014587255647096033
7656.971409480337,-0.033128442869366566
7657.007231978339,-0.011075099766364211
7657.035890257178,-0.00998083675695328
7657.071713456274,-0.01169000402417397
7657.107537044877,-0.002931338951692772
7657.14336102299,0.009936611155265064
7657.172020485929,-0.012280970577741891
7657.207845165176,-0.019607730081498007
7657.24367023395,-0.006867210216167652
7657.2723305694335,-0.013338616120508809
7657.308156339371,-0.02266212949510116
7657.343982498854,-0.0203976182673022
7657.379809047887,-0.0016326854832070157
7657.408470567592,0.0011251535753777197
7657.444297817829,0.01289875861462739
7657.480125457635,0.007211054095887916
7657.508787849971,0.0020382008084261784
7657.54461619101,0.007865896104470776
7657.580444921635,0.0069154470064924445
7657.609108186636,-0.009857776013873401
7657.644937618526,-0.01617607646166159
7657.680319564843,-0.007890528464305324
7657.716149771068,-0.005093871171822013
7657.7448142165695,-0.023278772794617843
7657.780645124101,-0.007921131852557517
7657.816476421256,0.031573027168458355
7657.845141739511,0.0546850409886288
7657.880973738003,0.052133609284516026
7657.916806126133,0.030119257136487335
7657.952638903909,0.016385403322749213
7657.981305406679,0.0239577852108151
7658.017138885833,0.02146504007403163
7658.05297275465,0.03770857100672143
7658.081640130264,0.0441857824868454
7658.117474700487,0.0248909293698827
7658.153309660389,0.008483126622622173
7658.189145009976,-0.005744582226837917
7658.217813570226,-0.009267306068020858
7658.253649621261,-0.01647834398888313
7658.289486061998,-0.012659125579200776
7658.318155495179,-0.01400554984260546
7658.353992637396,-0.022686076503922424
7658.389830169331,-0.0272825630219562
7658.41850047548,-0.01963023445919872
7658.454338708923,-0.008805084297419732
7658.490177332103,0.008355618687399806
7658.526016345022,-0.005680113412755304
7658.554687835976,-0.011380519217928408
7658.590527550446,-0.0022653472490075737
7658.626367654673,0.01641296214423983
7658.655040018686,0.038465750810824234
7658.6904328120145,0.05719143413114324
7658.7262740027245,0.03140512800523696
7658.762115583216,0.01304489030267854
7658.790789128255,0.01871639201073286
7658.826631410365,0.04670082251180568
7658.862474082272,0.05655215727083366
7658.891148500458,0.03382006401613024
7658.926991874018,0.013621513991216617
7658.96283563739,0.010759696834394794
7658.9915109287585,0.028343702403080016
7659.027355393814,0.020990277891199807
7659.063200248698,-0.01147813840446528
7659.099045493421,-0.009338606261182065
7659.127721969884,0.0010527727225870245
7659.163567916328,-0.006603126033416362
7659.199414252625,-0.0029099493847998727
7659.228091602361,0.014598938690454838
7659.263938640409,0.005070464063569355
7659.299786068328,-0.0019465549295880882
7659.335633886124,0.0019598587244102567
7659.364312421077,0.02526621543167579
7659.400160940663,0.023937582569653826
7659.436009850146,0.0057744012606834915
7659.464689258458,0.004103500521703533
7659.500538869764,0.0037144371835931204
7659.536388870978,0.02065240448368355
7659.572239262107,0.02368462088567621
7659.600919855754,0.030403299577741356
7659.636770948749,0.017115139270245664
7659.672622431676,0.00400918806459302
7659.701303898772,0.0019324350434557242
7659.736707928875,-4.0866339441880635e-05
7659.772560498771,-0.0014471180376159926
7659.801242835454,-0.022534504963864634
7659.837096107273,-0.033603519347482784
7659.872949769059,-0.014937116366362375
7659.908803820818,-0.020984291676771936
7659.937487343007,-0.00503344757039592
7659.97334209673,-0.0011739879576408857
7660.009197240442,0.0003705471048400371
7660.037881636206,-0.0132772808487305
7660.073737481912,-0.016866425869403383
7660.109593717624,-0.029371532232954033
7660.145450343348,-0.025782847311961857
7660.174135924739,-0.014265974887058752
7660.2099932525,0.006343878984305273
7660.245850970286,0.03155897795693115
7660.274537425342,0.03671267382040735
7660.310395845196,0.04411874129417729
7660.3462546550945,0.05633070387157475
7660.374941983851,0.030915664267849093
7660.410801495846,0.013926515583145685
7660.446661397903,0.0036547502575168755
7660.482521690029,-0.018404845769780537
7660.5112102045805,-0.029154659890509093
7660.547071198843,-0.027314716688308645
7660.582932583191,-0.015837100819423473
7660.611621971533,-0.018600879340797648
7660.647484058049,-0.027466173125037092
7660.683346534662,-0.018205521513339384
7660.719209401386,-0.03717702538051824
7660.747451683502,-0.03257154963648385
7660.783315247558,-0.016136244391800905
7660.819179201738,-0.0033421011553567284
7660.847870645976,0.009101904128402935
7660.883735302392,0.010871978646058622
7660.91960034895,0.021307687813271737
7660.955465785655,0.024044097957157576
7660.984158415928,0.025876791725079628
7661.020024554914,0.009555749102714615
7661.055891084064,-0.0037996653465628876
7661.084584588301,-0.008865359610374183
7661.120451819759,-0.010840312883177413
7661.156319441398,0.001835886959842171
7661.185013819641,-0.014293988336623532
7661.22088214362,-0.022348008643376563
7661.256750857794,-0.02043628948681348
7661.2926199621725,-0.007895710624172202
7661.321315526627,0.00930216443501078
7661.357185333384,0.007925186224028734
7661.393055530362,-6.348020526971004e-06
7661.421751968908,0.01593767134712161
7661.457622868298,0.0033372085858108073
7661.493494157923,-0.019410659437625488
7661.529365837792,-0.020389219649086424
7661.558063462667,-0.024365189938153606
7661.593935844989,-0.031169253297730553
7661.629808617568,-0.03292481403299554
7661.658507116623,-0.024867929064107015
7661.694380591684,-0.009149210374490064
7661.730254457024,-0.014806938534663397
7661.766128712644,-0.012580805678445403
7661.794379963641,-0.005289814719623509
7661.830254916907,-0.013263963048962416
7661.8661302604705,0.0020502983498904845
7661.894830816339,0.005164819555192423
7661.930706862457,0.001921612193787571
7661.966583298889,-0.011847312615919712
7661.995284729067,-0.009090366294060454
7662.031161868082,-0.0032724666352049094
7662.06703939743,-0.02266308213554759
7662.102917317117,-0.04269807018097416
7662.131619933915,-0.05466750671833672
7662.167498556226,-0.05567049145039459
7662.203377568891,-0.042321341808081246
7662.232081060085,-0.013005761285561081
7662.267960775405,0.02950345228409731
7662.3038408811,0.028675658049461834
7662.339721377168,-0.007578159492604852
7662.368426055103,-0.02424547987647239
7662.404307253869,0.007557626431052364
7662.44018884303,0.02653161287670747
7662.468894395445,0.02381998268678191
7662.504776687334,0.013623875237849043
7662.540659369631,0.008468930716776409
7662.569365796571,0.00932071887863451
7662.605249181624,0.01722870421229179
7662.641132957106,0.00547247985953375
7662.677017123024,0.006720535849907402
7662.705724736874,0.009538502039442788
7662.741609605589,0.005507729047861965
7662.777494864752,-0.01277374029486248
7662.80575478116,-0.0397459843625847
7662.841640738271,-0.023781183483994068
7662.87752708585,0.0010028340392887146
7662.913413823901,0.008350679878348
7662.94212349549,0.005095328218692598
7662.978010936411,0.011216626503133409
7663.01389876782,0.040138124991583764
7663.042609314108,0.03379672518005079
7663.078497848418,0.008597912505255613
7663.114386773234,0.006182817141245534
7663.150276088566,0.003226840300871326
7663.178987822002,-0.0026330241504387794
7663.214877840272,0.0058795700479718094
7663.250768249072,0.002095932820670011
7663.279480857298,0.011374344235570695
7663.315371969065,0.03525645559257041
7663.351263471382,0.015909327866910933
7663.379976954434,0.01358518089414534
7663.415869159749,0.004113387602854633
7663.4517617556285,-0.0035149728033560296
7663.487654742077,0.01899347675612643
7663.516369412451,0.020545990374752524
7663.552263101941,0.002099683685913847
7663.588157182019,-0.006435454742297974
7663.616872727305,0.004896689059877019
7663.652767510453,0.020652913956914744
7663.688662684203,0.015223881800203405
7663.724558248564,-0.0036889043328226174
7663.753274981293,0.004508397638477332
7663.789171248766,-0.013552093024012323
7663.825067906864,-0.005963651102242597
7663.853336800053,-0.011945021769214078
7663.889234156411,-0.007354526646880505
7663.92513190341,-0.009827272322435122
7663.953850382279,-0.023319164642271715
7663.98974883245,-0.009470451831417303
7664.025647673282,-0.014282061617889922
7664.06154690478,-0.016766809679643738
7664.090266571263,-0.011541045472377675
7664.126166505971,-0.026282063514143347
7664.162066831364,-0.02638083915482646
7664.190787372975,0.0030620241908028575
7664.226688401613,0.023075805452802394
7664.26258982095,0.026166886496454315
7664.298491630989,0.001985528100845336
7664.327213360335,-0.010046872207872926
7664.363115873661,-0.018114226645907967
7664.399018777709,-0.015840846589411883
7664.427741382271,-0.009427753951249581
7664.463644989633,-0.009038461696052557
7664.499548987735,0.0010662140247205854
7664.535453376582,-6.222826269656139e-05
7664.564177168998,-1.567908411430923e-05
7664.600082261201,-0.03012905468161903
7664.635987744165,-0.043783212807881576
7664.664712411889,-0.04054886374216027
7664.70061859824,-0.034331295040072735
7664.736525175367,-0.000995405374422793
7664.765250718436,-0.010213228349988208
7664.801157998981,-0.023062335079603636
7664.83706567032,-0.01892560363031505
7664.872524879272,0.009812917108660772
7664.901251606458,0.012265477642477297
7664.937160367171,-0.0066485390194590925
7664.973069518702,-0.0067187375268684055
7665.001797121321,-0.013094907968990906
7665.03770697634,-0.0029094163421848527
7665.073617222193,0.007419194845732493
7665.109527858889,0.03570820627102591
7665.138256649652,0.048870908217747096
7665.174167989877,0.03042088465102472
7665.210079720957,0.008081558041994903
7665.238809387242,0.0012725033138831817
7665.274721821883,-0.012384957096038497
7665.310634647396,-0.019648064138821312
7665.339365189241,-0.010100672696998733
7665.375278718345,0.007868720008280015
7665.4111926383375,0.02033124335029893
7665.447106949229,0.019009964458750025
7665.475838679394,-0.00025018139220790573
7665.511753693915,-0.010988696144483473
7665.547669099349,-0.02188569249659307
7665.576401705161,-0.00606885338082333
7665.612317814257,-0.011791061479981772
7665.648234314283,-0.02237570836834954
7665.684151205248,-0.031829752353750865
7665.712884999496,-0.03407293635029355
7665.748802594162,-0.03013555918708644
7665.784720579781,-0.004751896762060397
7665.813455249768,0.01184150785579368
7665.849373939117,0.006149136337301816
7665.885293019437,0.0007859739287087408
7665.920763494931,0.004694410516158496
7665.949499349565,0.005625227712656702
7665.985419519749,0.007212127493689177
7666.021340080925,0.02117348858941058
7666.050076811386,0.019997897914721185
7666.085998076364,0.03317772526856889
7666.121919732353,0.022211276441185986
7666.150657338676,0.02643559878521071
7666.186579698499,0.0350542907422143
7666.222502449349,0.03687008444309055
7666.258425591228,0.04226787535421412
7666.287164386284,0.04655934207213838
7666.32308823204,0.03612203842293806
7666.359012468846,0.03341379049533644
7666.387752139849,0.010142007118165049
7666.42367708056,0.003840900375984844
7666.459602412338,0.00902432104273188
7666.495528135189,0.017727351864373693
7666.524268995043,0.023474477640078685
7666.560195421838,0.0030956370391608105
7666.596122239724,-0.014740378776337128
7666.624863975619,-0.023580038257810843
7666.660791497478,-0.03643827380224513
7666.696719410446,-0.047045935004927666
7666.72546202242,-0.04843444300500779
7666.7613906393935,-0.026803074548543287
7666.79731964749,-0.020492649057187513
7666.833249046714,-0.022159253700156006
7666.861992847711,-0.015033148442722034
7666.897922950982,-0.005395762775605794
7666.933404311806,-0.006571699719259704
7666.962148985059,-0.001588222063053348
7666.998080178664,-0.01448698508308451
7667.034011763434,-0.015578746605229957
7667.06994373937,-0.02318457744705438
7667.098689601765,-0.015410528259257083
7667.134622281821,-0.01980700860138945
7667.170555353063,-0.01762741729071611
7667.199302091712,-0.02071805468653831
7667.235235867102,-0.017035295908949994
7667.271170033696,0.00790336189553566
7667.307104591497,0.014116254111291988
7667.335852519412,0.0017687617744082463
7667.3717877814015,0.0013221651597365431
7667.407723434616,0.001071221065557443
7667.4364722388755,-0.023634304307594976
7667.472408596312,-0.017926771307316916
7667.508345344988,-0.004733020811707164
7667.537095025628,-0.0195907773439554
7667.573032478558,-0.02666060387993273
7667.608970322744,-0.02138130148946336
7667.644908558197,-0.01930554276265268
7667.673659428272,-0.021064290714422926
7667.709598368016,-0.023947687051621487
7667.74553769904,-0.0029263480210861502
7667.774289445587,0.013614471840905243
7667.810229480933,-0.0007690267854363442
7667.846169907579,-0.019103340915524562
7667.882110725529,0.003350313306238528
7667.910863661632,0.00944222992601155
7667.946805183944,0.011530117354588006
7667.982297821243,0.004082690965103468
7668.011051629993,-2.9190042115199467e-05
7668.046994243127,-0.008530748988955068
7668.082937247602,-0.01326808056394308
7668.11169193295,-0.028906677621457273
7668.147635641847,-0.03247232938600037
7668.183579742097,-0.03231871732708512
7668.219524233711,-0.03556659144933966
7668.248280108785,-0.029344677732262594
7668.284225304864,-0.03184891322268875
7668.320170892321,-0.026483968319392075
7668.34892764408,-0.028889056353706907
7668.384873936029,-0.008745189902335837
7668.420820619374,-0.021170244258958568
7668.4567676941215,-0.01288363172737099
7668.485525635729,0.005785846139729882
7668.52147341501,-0.0018085855339259275
7668.55742158571,0.007112120930780053
7668.586180404093,0.012557257166343271
7668.622129279359,0.01769781189356088
7668.658078546058,0.023623401529328143
7668.694028204199,0.03364186719233016
7668.7227882125535,0.032118214094930826
7668.7587385753,0.033830638737425735
7668.794689329504,0.02729213020286037
7668.823450214721,0.03201302043282409
7668.859401673563,0.02599706734715643
7668.895353523881,-0.017574432230453036
7668.924115285999,-0.02671778999019718
7668.960067840984,0.008527486256601132
7668.995571373212,0.03315187601153599
7669.031524706291,0.05570218189179161
7669.060287654635,0.05906787180719508
7669.096241692423,0.05067672667796249
7669.1321961217245,0.0355539135465621
7669.160959947059,0.032872040971973805
7669.196915081099,0.04893702482781176
7669.232870606671,0.051510838850179604
7669.268826523779,0.04025691662734485
7669.297591539375,0.040683339398428185
7669.333548161263,0.020166422459561725
7669.369505174705,0.01714812742740018
7669.398271067382,0.01003453213988595
7669.434228785634,-0.011650324285667639
7669.470186895457,0.0003354250710660562
7669.498953665251,0.005668345854047741
7669.534912479914,0.00757634349005314
7669.570871686167,0.02191443771759539
7669.606831284011,0.029298560371512926
7669.635599244238,0.04342574589305085
7669.671559546963,0.03980349948932234
7669.707520241301,0.019004746928627903
7669.736289078733,0.007673577660062018
7669.772250477982,0.03189012175755304
7669.808212268858,0.04608927125314143
7669.844174451368,0.030006543855687056
7669.872944479354,0.014080850734120753
7669.908907366817,0.01463928945486284
7669.944870645929,0.02462734071611501
7669.973641551212,0.028899326381589565
7670.00960553531,-0.019765802304559925
7670.045120353958,-0.01893317460531446
7670.081085116498,0.008977652862530374
7670.109857208538,0.015429613791110065
7670.145822676101,0.02595971151209764
7670.181788535357,0.010096631247247866
7670.210561504782,0.002609860535024046
7670.246528069093,-0.002444619452085608
7670.28249502511,0.0002448378242046126
7670.311268871954,-0.016504412614531207
7670.347236533056,-0.01505044444752152
7670.383204585883,0.011457388822094374
7670.4191730304365,0.020475749887516465
7670.447948068128,0.018861032279152132
7670.483917217811,0.020045953359829474
7670.519886759238,0.007082148140114286
7670.548662674441,-0.00830406137875704
7670.584632921025,-0.0059118812977477005
7670.620603559373,0.00915539654787144
7670.6565745894895,-0.000994181504661051
7670.685351695662,-0.012512827021644017
7670.721323430977,-0.01804798837810839
7670.757295558076,-0.002600444270655032
7670.786073541847,0.001677748246942209
7670.822046374177,0.004485973756982365
7670.85801959831,0.018727116832072777
7670.886798459718,0.023677490652567877
7670.922772389109,0.029370863895095373
7670.958746710321,0.019060495464163885
7670.994721423358,0.021801416301051604
7671.023501475905,0.031341062531784376
7671.059027199095,0.04046249098439647
7671.095003004377,0.0005936071403628519
7671.123783930731,-0.029557359832955005
7671.159760441344,-0.01069918195841738
7671.195737343815,0.022205875837769565
7671.231714638152,0.030572496801579415
7671.260496755766,0.016636990899932824
7671.296474755475,-0.0045616008974623465
7671.332453147066,-0.014368757436999823
7671.361236142499,-0.012456072527461991
7671.397215239492,-0.005306808724780877
7671.433194728382,0.009189668676310428
7671.469174609179,-0.0008284578431590137
7671.497958795991,-0.010948926309171065
7671.533939382231,-0.020325602167059552
7671.569920360392,-0.005804230379005142
7671.598705425109,0.005948215777010656
7671.634687108744,0.0002220278519613795
7671.67066918432,-0.009312544536238705
7671.699455126977,0.0023846198550526404
7671.735437908057,0.007567055988898834
7671.771421081092,0.02084830398489983
7671.807404646088,0.006572793942180467
7671.8361917803,-0.0009091716087127591
7671.872176050841,-0.013060601833744495
7671.90816071336,-0.025033599253029597
7671.9369487256035,-0.039757987279070144
7671.972934093699,-0.024052883116141045
7672.00891985379,0.0013964755806541247
7672.044906005881,0.012975801534276027
7672.0736952098,0.02649222358118411
7672.109232229367,0.02948450891139442
7672.145219474194,0.022738406527068013
7672.174009552313,0.01041844562499238
7672.209997502787,0.01560341957368232
7672.245985845297,0.03954220720246113
7672.2747768015715,0.05065548098836965
7672.310765849758,0.04975966492267411
7672.346755289997,0.042663797482663496
7672.382745122295,0.010173822344834448
7672.411537270417,-0.008282067319024798
7672.447527808432,-0.020790297185799337
7672.483518738523,-0.04458492885301098
7672.512311764892,-0.04502608152311691
7672.548303400731,-0.028806461741138233
7672.584295428662,0.0026372720792453607
7672.620287848691,-0.004740101079707535
7672.649082067029,-0.007626768346377725
7672.685075192848,0.011099715187834954
7672.72106871078,0.027121288329728075
7672.749863807455,0.025888805780115348
7672.78585803121,0.022816967328673974
7672.821852647096,0.00022278682002817602
7672.857847655118,-0.01189056856090177
7672.88664394388,-0.01332745650152704
7672.922639657766,0.00938621560594485
7672.958635763807,0.03539251903191992
7672.987432930992,0.03999930903063322
7673.023429742926,0.026871638920974703
7673.059426947028,-0.007750095249330203
7673.08822499268,-0.005529784283298518
7673.12377292641,0.005875657084862037
7673.1597712237235,-0.004858510640657579
7673.19576991323,-0.013497215806582816
7673.224569147218,-0.011876023893396858
7673.260568542689,-0.00855148261585923
7673.296568330371,-0.010858221385769433
7673.325368442912,-0.012803226268634274
7673.361368936588,-0.03349115702724317
7673.397369822491,-0.03867435775848678
7673.433371100628,-0.022855355009034007
7673.462172405551,-0.017957619043922884
7673.498174389726,-0.012912912427772585
7673.5341767661475,0.008011056588261508
7673.562978949712,0.016152642181094617
7673.598982032204,0.026657585033333323
7673.63498550696,0.051257833253175074
7673.663788569203,0.05956040805679197
7673.699792750058,0.03461042743369803
7673.7357973231965,0.01164264852579408
7673.771802288626,-0.004704875371955335
7673.800606543421,-0.0030727646964442985
7673.836612214988,-0.0035564232960991803
7673.872618278864,-0.01395128238132026
7673.901423412429,-0.01748982362524293
7673.937430182473,0.010717921570000588
7673.973437344838,0.025452331973510836
7674.009444899536,0.03681699245765101
7674.038251225777,0.02661000277415239
7674.074259486683,0.013835946098049617
7674.110268139938,0.009422724908080334
7674.139075345035,0.02144272194309116
7674.174634585113,0.022250505770137635
7674.210644332065,0.009290956823079196
7674.246654471391,0.00036933844210397553
7674.27546286536,-0.009542979302850023
7674.311473710966,0.00523221759396819
7674.347484948958,-0.011398377293123225
7674.376294221873,-0.02348263431250455
7674.412306166175,-0.040623636958916964
7674.448318502883,-0.036249706488997856
7674.477128654783,-0.006819320047073832
7674.513141697832,0.02126577413252059
7674.549155133302,0.003342238495652528
7674.585168961198,-0.01705581090192924
7674.613980306067,-0.02542480251278705
7674.649994840345,-0.03079776850285482
7674.68600976707,-0.024175454877547936
7674.714821991012,-0.01780621645054973
7674.7508376241485,-0.01360539146610949
7674.786853649747,-0.01779385338759008
7674.82287006781,-0.03199600047366203
7674.8516834848415,-0.026649428420840345
7674.887700609362,-0.02910634846309424
7674.923718126363,-0.02952838519464999
7674.952532422557,-0.02749332194150522
7674.988550646046,-0.028986712623835887
7675.024569262035,-0.03602560477035035
7675.05338443743,-0.025950904561995933
7675.089403759933,-0.014967161972395244
7675.125423474954,-0.008350450754517715
7675.161443582499,-0.008133408493418356
7675.189809693463,-0.010442978120583002
7675.22583050266,-0.01574539494362903
7675.261851704394,-0.03921332383899693
7675.290668948415,-0.03188679211513723
7675.326690856737,-0.02927601324524916
7675.362713157618,-0.007856136310297582
7675.398735851061,-0.01340589940580605
7675.427554288464,-0.02002769308000192
7675.463577688537,-0.029362232466567443
7675.499601481188,-0.02587630646051247
7675.52842079797,-0.027981426905503728
7675.564445297281,-0.04539658440523804
7675.60047018919,-0.027681994313805126
7675.636495473699,0.010515350910503297
7675.665315983986,0.018786987479230032
7675.701341975197,0.03492643526363307
7675.737368359029,0.030803958819160725
7675.766189748781,0.025246564964943104
7675.802216839344,0.01549949241100376
7675.838244322543,-0.002873530311123575
7675.867066591805,-0.016280084214225086
7675.903094781765,-0.0036434474294946002
7675.939123364377,-0.011928461136518478
7675.975152339651,-0.007914102132608397
7676.003975802589,0.0013609415707702777
7676.040005484664,0.007523950788328613
7676.076035559416,-0.0006356148480916518
7676.1048599019505,-0.009983733005918906
7676.140890683536,0.011472377272597903
7676.176921857816,0.03395255569459878
7676.212503027782,0.018213642064381523
7676.241328560187,0.008591150095771874
7676.277360829132,-0.00692756359758898
7676.313393490792,-0.03792244947580309
7676.342219902879,-0.05422746131432494
7676.378253271445,-0.04826906978836634
7676.414287032744,-0.03848406225094779
7676.443114324554,-0.03422993129796882
7676.479148792789,-0.0071188511853595
7676.5151836537725,-0.0011152160104859683
7676.551218907512,-0.012711434958131249
7676.580047393295,-0.02888983443153507
7676.616083354011,-0.013490187311235084
7676.6521197075,0.0014839134037139693
7676.680949073094,0.002363724554469209
7676.716986133592,0.023277582244773855
7676.753023586878,0.010314358486953577
7676.789061432961,0.025769955839489957
7676.817891992645,0.02090212736707274
7676.853930545778,0.007493392258445082
7676.889969491723,0.011779931140475399
7676.918800931307,0.03252575390494555
7676.954840584331,0.04705523948973236
7676.990880630185,0.04968689439593212
7677.026921068875,0.04451197644082582
7677.055753702671,0.028682344188675452
7677.09179484848,-0.004275566368471693
7677.127836387145,-0.004391474567944591
7677.156669900933,0.005236764191275342
7677.192712146744,-0.007715202421219622
7677.2287547854285,-0.012295653667775713
7677.257138639909,-0.021234953046185345
7677.293181980862,-0.025633637880447136
7677.329225714701,-0.001198782035406407
7677.365269841434,0.006632880978610716
7677.394105425708,0.015195430453358092
7677.430150259663,0.03369490697510199
7677.466195486526,0.04911951120119979
7677.495031950918,0.056308041152908675
7677.531077885035,0.05443008913057652
7677.56712421208,0.03857887120998829
7677.603170932055,0.030063984734316845
7677.632008590953,0.02121438750460198
7677.668056018224,0.01967179931080557
7677.704103838445,0.01653318254904775
7677.732942377547,0.005430475745081715
7677.768990905093,-0.005884170992133505
7677.805039825604,-0.008527192867586896
7677.841089139089,-0.010497326326044876
7677.869928872819,-0.0015499519656055926
7677.905978893669,-0.009060532388937255
7677.942029307511,-0.00731715563116115
7677.970869921538,-0.00571915825877763
7678.006921042776,-0.002677428812347696
7678.042972557016,-0.003869752845324414
7678.071814051378,-0.0036977002618134433
7678.107866273048,-0.009644203180914863
7678.14391888774,0.012162276670221812
7678.179971895464,0.021889519867283238
7678.208814584625,0.015387923694640662
7678.244868299816,-0.0009504195598476063
7678.280471729273,0.003549197459472595
7678.309315294929,0.0023548090353261064
7678.345370105752,0.007443451469702558
7678.381425309637,0.012447640493250409
7678.4174809065935,0.012855242608381749
7678.44632566717,0.002159283860333224
7678.482381971664,-0.007957634852851432
7678.518438669245,0.004355039278737014
7678.547284310336,0.008884505362095046
7678.583341715486,-0.008569081135747314
7678.619399513741,-0.020924561878887207
7678.648246035383,-0.0004105741634352207
7678.684304541239,-0.008987361794170048
7678.720363440213,-0.013919920280937019
7678.7564227323155,-0.011217606416284658
7678.7852704490515,-0.014552890247672728
7678.821330448795,-0.02375688081638626
7678.857390841683,-0.046538266769294775
7678.886239439058,-0.046985449771175594
7678.922300539617,-0.04481193960816196
7678.958362033338,-0.04681345144496084
7678.994423920224,-0.04079797474859721
7679.023273712814,-0.03759952407984992
7679.059336307416,-0.01990809643224774
7679.095399295199,-0.024496583679944447
7679.124249968521,-0.01587657952833381
7679.160313664048,-0.022179841165629034
7679.196377752776,-0.0023789855546560955
7679.23244223471,0.018953334096507755
7679.261294103369,0.036426489778850386
7679.297359293089,0.02872764426255069
7679.332974053817,0.012782857832772696
7679.361826799364,0.025848986526100595
7679.397893085208,0.03658199850020285
7679.433959764291,0.04043728155208287
7679.462813390695,0.023277029781573626
7679.498880777626,0.022197119886390698
7679.5349485578145,0.031214229845598147
7679.571016731263,0.03695640507455355
7679.599871553177,0.023920381866389496
7679.635940434515,0.01728520900962374
7679.672009709134,0.020753286487412346
7679.700865411993,0.03156920361540437
7679.736935394531,0.03085929572258314
7679.773005770365,0.034859336158051854
7679.809076539502,0.02322312104620267
7679.837933437992,0.010660400963133589
7679.874004915088,0.010316274911501647
7679.910076785505,0.0013306541900359355
7679.938934565032,0.011006114257604156
7679.975007143441,0.011023773027922084
7680.011080115183,-0.010465842484725423
7680.039938775786,-0.03587535827833162
7680.076012455552,-0.034159265504476774
7680.11208652867,-0.013205737091455396
7680.148160995149,-0.010204859670206548
7680.177020851555,-0.003718442214519427
7680.213096026095,-0.006993469029359073
7680.249171594014,-0.02444259766195055
7680.278032331583,-0.025567759301741662
7680.314108607595,-0.026262404702354535
7680.349734316204,-0.03443212241063574
7680.385811374091,-0.0488653425213309
7680.414673303652,-0.0373163605059308
7680.450751069673,-0.024718614948104452
7680.486829229111,-0.006497563620568303
7680.515692039925,0.003359319400317093
7680.551770907527,0.014617526554328556
7680.587850168564,0.016169201053960348
7680.623929823039,0.033843462187893296
7680.652793829902,0.03801568917876188
7680.688874192582,0.030053183340387604
7680.724954948722,0.03196880323583913
7680.753819836927,0.031234257733753663
7680.789901301302,0.022069885462605094
7680.825983159152,0.012623073658012367
7680.854848928735,-0.0004273794350574812
7680.890931494852,-0.004542571913573156
7680.927014454461,0.00022748222199931074
7680.963097807564,0.0074674123297313304
7680.991964773368,-0.005031485772727285
7681.02804883478,-0.030185797682305754
7681.064133289707,-0.020363847314705547
7681.093001136981,-0.02274547954526244
7681.129086300245,-0.012888749628213765
7681.165171857041,-0.005193892161683019
7681.201257807374,-0.009701048879085463
7681.230126850991,-0.016880954134192983
7681.266213509703,-0.00933317551422501
7681.302300561969,-0.026078059179006498
7681.331170487146,-0.024497388455502225
7681.367258247823,-0.02354667820011137
7681.402895297714,-0.02898355302022415
7681.431766100552,-0.02685577230935017
7681.467854958323,0.0008435033501796985
7681.50394420968,0.015518505723618285
7681.540033854632,0.005924899739182671
7681.568905853984,-0.01869896477587078
7681.604996207419,-0.04285471721349758
7681.641086954463,-0.04701358295135107
7681.669959835503,-0.047056275736665196
7681.70605129106,-0.03720696518698121
7681.742143140246,-0.031093414399815184
7681.778235383067,-0.03131577164535232
7681.807109460741,-0.03339580946826579
7681.843202412115,-0.02394413025055511
7681.87929575714,-0.014332087430574191
7681.908170716593,-0.014887581792262575
7681.9442647702035,-0.027338173911896545
7681.98035921748,-0.00944779543229944
7682.016454058431,0.012790976395876218
7682.045330214643,0.012745706269306135
7682.081425764221,0.032820868400030685
7682.117521707489,0.027570415820404533
7682.146398745565,0.026381654709637426
7682.182495397492,0.02776421148705087
7682.218592443126,-0.016009620224333734
7682.247470363105,-0.04262399062996592
7682.283568117427,-0.06895202245494966
7682.319666265475,-0.06095493773538637
7682.355764807251,-0.04707683128697479
7682.3846439241615,-0.033565548613798915
7682.420291931608,-0.03020728575001946
7682.4563915709405,-0.029125868348505272
7682.485271565906,-0.025711590406525178
7682.521371913998,-0.019385343084146273
7682.557472655856,-0.0074483777882303395
7682.593573791482,-0.012025777354131798
7682.622454983503,-0.0015335179063315045
7682.65855682793,0.016726226500940623
7682.694659066147,0.031661024510580074
7682.72354114025,0.049493609600895154
7682.759644087299,0.06665958923989886
7682.795747428149,0.037094537589639744
7682.824630384375,0.012056736657049878
7682.86073443409,0.01894815992644991
7682.896838877627,0.02578296139310145
7682.93294371499,0.024868246769404082
7682.961827868439,0.005930146016400418
7682.997933414707,-0.022536466353089316
7683.0340393548195,-0.04346624374021747
7683.062924390482,-0.0501684382180156
7683.099031039528,-0.033605218064805924
7683.135138082435,-0.02031531314676776
7683.171245519211,-0.02152832193704585
7683.200131752221,-0.04004843264596856
7683.236239897972,-0.031411018211434244
7683.2723484376065,-0.040917598023136006
7683.301235552917,-0.033393830145999434
7683.337344801561,-0.023691379611000492
7683.373454444105,-0.0021771262076017966
7683.409564480556,-0.0005707713707989956
7683.438452793335,-0.0019353254610077262
7683.474112152085,0.0016504915530823239
7683.510223286585,-0.0059193870040235705
7683.539112477814,-0.01814889953249
7683.575224321394,-0.030616520962084358
7683.611336558914,-0.04156163777501892
7683.640226632571,-0.04358131082574919
7683.676339579202,-0.03494317825643904
7683.71245291979,-0.030113237828397938
7683.7485666543425,-0.04069980453132955
7683.777457925641,-0.04000087090963733
7683.813572369344,-0.014246056252641949
7683.849687207029,0.0068975752173203704
7683.878579360847,0.005805027606055644
7683.914694907711,0.007916929042891298
7683.950810848576,0.022162176558440137
7683.986927183445,0.03307547936751617
7684.015820535027,0.026811426845233133
7684.051937579119,0.020680819196560417
7684.088055017231,0.03330098380269439
7684.116949251421,0.036603386204788375
7684.153067398789,0.04064516098296507
7684.189185940192,0.008491133204263437
7684.218081057027,-0.013268520923296152
7684.254200307717,-0.007494958865492115
7684.290319952461,-0.009025382363843752
7684.326439991267,-0.015066683785149748
7684.355336306039,-0.023607344892531804
7684.39145705417,-0.046980026946636125
7684.42757819638,-0.03995081272498337
7684.456475393889,-0.026515181561667406
7684.492145719877,-0.010304913537061776
7684.5282679606125,0.003497321072706722
7684.564390595449,0.009433023493124696
7684.593288987076,0.004900817179062396
7684.629412331309,-0.00700088090165202
7684.665536069661,-0.0042460035116368205
7684.694435344113,-0.009169612927866638
7684.730559791895,-0.022851995259228788
7684.766684633809,-0.01994927032972855
7684.802809869866,-0.009956179447674981
7684.831710342499,0.005619002669391274
7684.867836288026,0.027682638008020063
7684.903962627712,0.022161452388681092
7684.932863983258,0.015403245005966435
7684.968991032445,0.014650336340780253
7685.005118475807,0.01921244730982929
7685.034020714305,0.011269323582283743
7685.070148867197,-0.008328433751799508
7685.106277414282,-0.00710868584352446
7685.142406355566,-0.00540454919846749
7685.17130979242,-0.021387838090476487
7685.207439443275,-0.031502189898590195
7685.243569488346,-0.023575374313030542
7685.272473808243,-0.033574769809913405
7685.308604562918,-0.022401167603907868
7685.344735711825,-0.001964354619311024
7685.380867254969,0.008541908046146521
7685.409772773342,0.016842839202815395
7685.445905026133,0.011636459057778069
7685.48203767318,0.0076549346942242635
7685.510944074682,0.012817883343490995
7685.546625762012,0.01370426812072589
7685.582759508077,0.007013918333235714
7685.611666788809,0.011830471005057713
7685.6478012445805,0.016962015336588792
7685.683936094641,0.020075320546483533
7685.720071338997,0.01581346741472877
7685.748979818378,0.006703344606049844
7685.785115772482,0.004664569095197963
7685.821252120899,-0.008285538722063857
7685.85016148354,-0.0005414519245689687
7685.886298541734,0.009003476612718114
7685.922435994256,0.005757534378728252
7685.958573841116,0.0021290903749919517
7685.98748440253,-0.005124755319302168
7686.023622959209,-0.008712972318373993
7686.059761910238,-0.012322869336883575
7686.088673355002,-0.011011863108750129
7686.124813015884,-0.009112808518529969
7686.160953071134,-0.003917009601561419
7686.19709352076,-0.002241174047251988
7686.226006164416,0.011333317200657493
7686.262147323935,0.004461143048410363
7686.298288877847,0.004558909469396882
7686.327202404942,0.00235767027021963
7686.3633446687745,0.008452895891364177
7686.399487327019,0.019047941372026683
7686.428401737594,0.0021727765024197286
7686.464545105789,-0.0027169237653826748
7686.500688868411,-0.015462933746208706
7686.536833025469,-0.020405562506682698
7686.565296826766,-0.01979126334558432
7686.601441688886,-0.020437144503100933
7686.637586945455,-0.014974292723103721
7686.666503434719,-0.023291983320714242
7686.702649401314,-0.019753163862804818
7686.738795762374,-0.0053293056509818955
7686.774942517909,0.019055785190522617
7686.803860206362,0.01711031395418781
7686.840007671963,0.020403805529474635
7686.8761555320525,0.03388161058775172
7686.905074104162,0.03155024838404152
7686.94122267435,0.011812419787615207
7686.977371639045,0.022504026295945372
7687.006291094848,0.024957766062218643
7687.042440769672,0.037192101052607784
7687.078590839019,0.0351234121222029
7687.114741302896,0.04030950236872302
7687.143661958064,0.03069879432338426
7687.1798131321075,0.00268734788458862
7687.215964700701,0.0010966973733446163
7687.244886239654,-0.001965702821475146
7687.281038518448,0.0048465993753608015
7687.317191191803,0.006990044217085453
7687.353344259731,0.014040046685333317
7687.382266998167,0.014489638994224662
7687.418420776337,0.007048668619127243
7687.454574949093,0.0025466583369885636
7687.483498571404,0.00032519606074722516
7687.519653454433,-0.010036418244666459
7687.555808732066,-0.00237547681926666
7687.59151245597,0.004989910355462556
7687.620437273942,0.00798886283919892
7687.656593651566,0.015922396830560195
7687.692750423817,0.0007576541081385259
7687.721676125753,-0.012366456933167255
7687.757833608349,-0.00012938153940185665
7687.793991485589,0.020664050262520692
7687.82291807153,0.02399978462224865
7687.859076659142,0.02232909821803532
7687.895235641419,0.02115331160646944
7687.931395018362,0.016416927920509774
7687.960322804082,0.01382911718565902
7687.9964828914435,0.004786734809285388
7688.032643373486,-0.01794691776142721
7688.0615720433,-0.031838998669968206
7688.097733235792,-0.02418501232485566
7688.133894822985,-0.008884966598936115
7688.170056804884,-0.003268488855092514
7688.198986674599,0.001124706802400537
7688.2351493669885,0.010193339761834553
7688.271312454103,-0.001132287839911927
7688.300243208,-0.033087668500467
7688.336407005633,-0.04172566670288324
7688.372571198009,-0.02398465175165965
7688.401502836127,-0.019610752838997436
7688.437667739051,0.01106039883160985
7688.473833036736,0.02979159877427532
7688.509998729185,0.040188083496110034
7688.53893156738,0.04402482669688638
7688.57509797042,0.02318941577700701
7688.611264768241,0.018674509860367238
7688.63974639939,0.03793463694428702
7688.6759139029,0.050338596195735406
7688.712081801206,0.06355425037700779
7688.74825009432,0.07266394082306889
7688.777185013075,0.0588713879790294
7688.813354016852,0.03461090643036198
7688.84952341545,0.02433591044305807
7688.878459218606,0.008647796421331967
7688.9146293279,0.02175273346893762
7688.950799832032,0.0337962850497304
7688.986970731009,0.041393045405190336
7689.015907734484,0.02700239072498636
7689.052079344198,0.018740930015648496
7689.088251348773,0.0191543547714709
7689.117189236739,0.012448452503631259
7689.153361952081,0.020413489035036616
7689.189535062303,0.02972152890719889
7689.218473834797,0.045271429122630456
7689.254647655816,0.042753370456011804
7689.29082187173,0.035525376377478095
7689.326996482548,0.027585004493793704
7689.355936455536,0.025786952731649593
7689.392111777193,0.015394685168379963
7689.428287493769,0.008039890924321466
7689.457228351374,0.008320891066815828
7689.49340477882,-0.009011287672791999
7689.529581601202,0.0006643791438830319
7689.565758818527,-0.010076813239997335
7689.594700876747,-0.007648558203847486
7689.630878804983,0.006005428197234992
7689.666604896702,0.00893047308596173
7689.695547835683,0.014690844730079025
7689.731726864883,0.013863503303291598
7689.767906289059,0.006254466070674581
7689.796850112788,-0.005221132666064415
7689.833030247935,0.002486177283762943
7689.869210778079,0.009825520774316953
7689.905391703221,0.020553502277113948
7689.93433672774,0.02909507635345635
7689.970518363895,0.006402833062108077
7690.006700395067,-0.015040644288710166
7690.035646304424,-0.015407693861117679
7690.071829046642,-0.009537795054114675
7690.108012183893,-0.006953323036668947
7690.144195716182,0.014565253681246924
7690.173142826449,0.01915912966991719
7690.209327069828,0.024546040310388637
7690.245511708264,0.004175635978740737
7690.274459703454,-0.015378689669391868
7690.310645053008,-0.0019280970690405646
7690.346830797634,0.0024218411465290962
7690.3830169373405,-0.007149458224859738
7690.411966133565,-0.007399362409437017
7690.448152984431,-0.01134727598002401
7690.484340230392,0.005928433785101612
7690.513290311636,0.010040502307096858
7690.549478268787,0.008359372755523398
7690.585666621052,-0.012166141677020603
7690.614617587352,-0.019651043600281776
7690.650806650838,-0.0012073607037500688
7690.686996109454,0.006434209816664382
7690.722733587598,0.02110698857224011
7690.751685751154,0.0341771596959984
7690.787876311231,0.014201838506625956
7690.824067266461,0.009533539497851375
7690.85302031516,0.011776426544322692
7690.889211981686,0.018871327744628047
7690.925404043381,0.02958849442083441
7690.961596500252,0.018060796121274984
7690.990550750282,0.005695682172880453
7691.026743918488,-0.02579487619911444
7691.062937481889,-0.03743721766172063
7691.0918926171535,-0.035493420215879604
7691.128086891919,-0.026983243408808245
7691.164281561898,-0.029036191863338345
7691.193237582435,-0.021196514809182256
7691.22943296381,-0.025611042208283512
7691.26562874041,-0.01428110055110339
7691.301824912245,-0.008821175370885668
7691.330782134288,-0.01964125708061024
7691.366979017562,-0.0027404783455365236
7691.403176296086,0.0010168422285522672
7691.4321344034925,0.000515357733001982
7691.468332393485,-0.005612997014078761
7691.504530778748,-0.006808950316212753
7691.540729559285,-0.011910945084922034
7691.569688868314,-0.019217584951613634
7691.605888360362,-0.029270648674916303
7691.6420882477005,-0.019508249350502785
7691.671048442186,-0.021567746105946552
7691.707249041064,-0.029481369317693858
7691.742997520385,-0.03517428222847838
7691.779198904947,-0.03613399839705833
7691.808160297226,-0.033051936342345614
7691.844362393369,-0.029741918351820718
7691.880564884846,-0.031742253716514846
7691.909527162669,-0.043468444877379414
7691.945730365756,-0.04908719681523776
7691.981933964194,-0.05339116900319187
7692.0108971276,-0.049563417636894376
7692.047101437681,-0.044778685570815886
7692.083306143127,-0.03999390588393534
7692.119511243945,-0.03520907857533904
7692.148475609273,-0.03138118244032706
7692.184681421778,-0.026596269410976186
7692.220887629673,-0.021811308757996913
7692.249852880671,-0.017983305946468377
7692.286059800281,-0.013198259569547385
7692.322267115298,-0.00841316556708254
7692.358474825725,-0.00362802393883843
7692.387441278768,0.0002001236550029606
7692.423649700955,0.004985351012152936
7692.45985851857,0.009770625997127688
7692.488825857378,0.013598880278016201
7692.5250353867805,0.01838424099482804
7692.561245311632,0.02316964934186538
7692.5902135362385,0.026998010313435204
7692.626424172909,0.031783504395838935
7692.662635205043,0.03656904611014029
7692.698846632645,0.041354635456414775
7692.727816059471,0.04518314122956621
7692.764028198935,0.04996881631620433
7692.799788074757,0.05469471720894311
7692.828758383518,0.058523329206532165
7692.864971625418,0.0633091370754977
7692.901185262821,0.06809499258065001
7692.937399295732,0.07288089572232519
7692.966370806834,0.07670965253496465
7693.00258555168,0.08149564142493657
7693.038800692052,0.04333595539467559
7693.067773089134,0.015111845580318773
7693.103988941472,0.0010871070689407398
7693.140205189352,-0.0025649438599350534
7693.176421832784,-0.017124256184515362
7693.205395432329,-0.01781381863738887
7693.241612787764,-0.005710446115181965
7693.277830538769,0.020043430157556278
7693.306805024386,0.010948814848163723
7693.343023487427,-0.007686896488616954
7693.37924234605,-0.02526612366769768
7693.408217717775,-0.035789070659489504
7693.444437288467,-0.03412470057302439
7693.48065725476,0.002874972381418756
7693.516877616662,0.015300237191935366
7693.545854191024,0.03927786262144796
7693.582075265034,0.048866981350831035
7693.618296734669,0.04648876802396916
7693.647274195228,0.026808400998726285
7693.683496377003,0.0009417106038761222
7693.719718954419,-0.010434914843162581
7693.755941927483,-0.011956637725876651
7693.784920590805,-0.020215650270291416
7693.820691477541,-0.02830003314684415
7693.856915553505,-0.032132627027931314
7693.885895099161,-0.03088688277714982
7693.922119887334,-0.026313386450069056
7693.958345071193,-0.027957560926641763
7693.994570650739,-0.03128832047702503
7694.023551399276,-0.034256227051905015
7694.059777691075,-0.040486946723279675
7694.09600437858,-0.058758450426764496
7694.124986013496,-0.05641813792307234
7694.161213413286,-0.03748946109738789
7694.197441208797,-0.03413811380372778
7694.22642373013,-0.03169398890023759
7694.262652237956,-0.012161685057424324
7694.298881141523,9.71667450058357e-05
7694.335110440834,-0.005627663397011108
7694.364094165223,-0.005238756669584257
7694.400324176891,0.013697025599846695
7694.436554584323,0.02320960001808019
7694.46553919522,0.04187568238608253
7694.501770315038,0.04809326640874037
7694.538001830638,0.04211327654554606
7694.574233742021,0.025725158380385152
7694.603219556098,0.01715016175305623
7694.639452179912,-0.004056973061788353
7694.675685199527,-0.010277419057062353
7694.704671900202,-0.0031120011554405416
7694.74090563228,0.003768989811248367
7694.777139760176,0.01923896448032954
7694.806127347487,0.020888577005660807
7694.842362187875,0.0319882693749775
7694.878144481203,0.029560825792174422
7694.914380108322,0.00514918058012455
7694.943368895029,0.008020361469810918
7694.979605234682,0.017173297641462235
7695.015841970194,0.023927760316669898
7695.044831643627,0.02324143097755374
7695.081069091702,0.023105418834378152
7695.117306935655,0.017391881713734063
7695.153545175492,0.0027095872695936485
7695.182536052399,-0.00017122012007073057
7695.2187750048415,0.0067154725542742915
7695.255014353183,0.015309363649991121
7695.284006116909,0.012083341583182444
7695.320246177888,0.012377151740622146
7695.356486634781,-0.009394106062928027
7695.392727487601,-0.01669204832620069
7695.421720454925,-0.010941820133174662
7695.457962020423,0.004389887019883977
7695.49420398186,0.016849343906199726
7695.523197836091,0.029211617870230574
7695.5594405102365,0.03967880564097442
7695.595683580341,0.040238323716143554
7695.624678321516,0.05442460987682443
7695.66092210436,0.06780242310150171
7695.697166283179,0.0503669068238523
7695.733410857979,0.02750659460525233
7695.762406802928,0.02692925982277337
7695.798652090508,0.04274027446412591
7695.834897774086,0.05750412436006069
7695.863894606072,0.059283180710568026
7695.899687920062,0.0711341331491967
7695.935934707518,0.07295776411045267
7695.972181890995,0.07224951273804052
7696.001179922917,0.049225308991856655
7696.037427819245,0.026107569749139335
7696.073676111614,0.01968883458412823
7696.102675030661,0.017115651407094448
7696.138924035915,0.012341710483999405
7696.175173437224,0.010763806103397597
7696.204173243434,0.024573117740081574
7696.240423357657,0.035910576455661244
7696.276673867954,0.029383735121869686
7696.312924774329,0.036940006164055225
7696.34192578461,0.05232703346842792
7696.378177403941,0.03518970367249605
7696.41442941937,0.04039276546431839
7696.443431316906,0.04483458386709981
7696.47968404532,0.030924867575608535
7696.515937169848,0.053947848415119154
7696.552190690496,0.07180343694907658
7696.581193792224,0.07741423483872896
7696.617448025901,0.06461140165702298
7696.653702655715,0.05699042859906952
7696.682706644788,0.036984638948110625
7696.718961987663,0.020271704336766484
7696.755217726689,0.000994096884026634
7696.791473861876,-0.01902689129506852
7696.820479055263,-0.02049524798676035
7696.856735903551,-0.007496197365327344
7696.892993148018,0.0023838470764601773
7696.921999228839,0.016012698424533643
7696.9578039595235,0.02923955981437108
7696.994062308363,-0.00034360584977727554
7697.023069272697,-0.026416026810305998
7697.0593283347,-0.0405787010365091
7697.095587792914,-0.019115137239701006
7697.131847647344,0.017800551766559366
7697.160855816168,0.03233086216619024
7697.197116383804,0.05444048681152055
7697.233377347675,0.06573575831239255
7697.262386404064,0.0594046324468491
7697.29864808117,0.034489054410344486
7697.334910154525,0.006478240237453598
7697.37117262414,0.020982234350725958
7697.400182885141,0.031050511241316848
7697.436446068035,0.03589770604013756
7697.4727096472,0.045847782285968926
7697.501720795856,0.05711351945691719
7697.537985088332,0.04555267989720749
7697.5742497771,0.03398793355307504
7697.603261813445,0.03397174966660671
7697.639527215552,0.04659242839743252
7697.675793013967,0.036168588771446644
7697.712059208699,0.03755052061519715
7697.741072449833,0.04800055199231449
7697.777339357944,0.0614355767338428
7697.813606662387,0.061672033040920025
7697.842620791306,0.048326690954060454
7697.878888809161,0.0345310317955069
7697.915157223365,0.031562505729096565
7697.9514260339265,0.024831132821341147
7697.9799880012115,0.020617879920853135
7698.016257520269,0.0240761724554572
7698.052527435701,0.024556871771607203
7698.081543653439,0.022250075196475396
7698.1178142823555,0.04200170406887895
7698.154085307663,0.03485178179494386
7698.190356729361,0.035801826577386966
7698.219374152131,0.040854588623760735
7698.255646287359,0.0452686330870594
7698.291918818999,0.059819717840037166
7698.320937129732,0.06522132559799505
7698.357210374929,0.07761579822874422
7698.393484016557,0.07944594432560996
7698.422503215292,0.058165294608646785
7698.458777570508,0.04559704023139759
7698.49505232217,0.028491579541953957
7698.531327470286,0.021328106952138246
7698.560347874228,0.011554356644593507
7698.596623735973,0.015556064647958485
7698.632899994188,0.008112836394854812
7698.661921286223,0.012470482791429502
7698.6981982581,0.013923931409503662
7698.734475626465,2.5330629709220738e-05
7698.770753391319,-0.018210713416740788
7698.799775888685,-0.02248887748779346
7698.836054367244,-0.013993689258823144
7698.872333242315,-0.007000287501728624
7698.901356627863,-0.008993020422588285
7698.937636216667,-0.0034528082135927628
7698.973916201998,0.0005186834533830573
7699.002940475769,0.01678218206689975
7699.038767663678,0.01753621421356779
7699.075048754363,0.025468961655146508
7699.111330241597,0.00986140033632808
7699.140355716904,0.008610823962043665
7699.176637917945,0.0067359668584673965
7699.212920515555,0.017757594638359405
7699.241946879176,0.018779524107504036
7699.278230190622,0.005657971842523767
7699.314513898652,0.017915272324428824
7699.350798003274,0.035153393074685874
7699.379825572522,0.02819047264054339
7699.416110391024,0.02402344831837441
7699.452395606132,0.03660860187167313
7699.481424063783,0.035559059270515905
7699.517709992802,0.03667976178364436
7699.553996318447,0.035422855861500895
7699.590283040723,0.031764659510418146
7699.6193127041215,0.02443959630202576
7699.655600140351,0.016336611672099027
7699.691887973228,0.003649491923505013
7699.72091852512,0.004721172238415685
7699.757207071979,0.01289535463393426
7699.793496015505,0.00949161730714488
7699.822527455929,0.000999515533936595
7699.858817113468,-0.004709220316518704
7699.895107167689,0.00040476869695358004
7699.9313976186,0.01814068583523146
7699.960430264949,0.025787522617499597
7699.996721429916,0.02098304358840015
7700.033012991587,0.018978617252690927
7700.061592875622,0.007278160015903819
7700.097885146422,-0.01478076290956594
7700.134177813943,-0.026167618620817467
7700.170470878196,-0.038246585499947076
7700.199505615248,-0.049134135282709046
7700.235799393629,-0.05970994050424081
7700.272093568757,-0.05346407545431033
7700.30112919452,-0.04392190975800386
7700.337424083805,-0.03744577965263068
7700.373719369854,-0.023721859932993136
7700.402755884369,-0.0037207672266015546
7700.439051884608,0.01500740836379327
7700.475348281628,0.017528234407936175
7700.511645075436,0.013543499503178244
7700.540682796172,0.009845595709007428
7700.57698030421,0.00470926747763177
7700.613278209054,0.0016176622385757965
7700.642316818631,-0.01242898300750786
7700.678615437738,-0.010029279375207034
7700.714914453664,-0.011856083536810717
7700.751213866418,-0.015825319412167846
7700.780253682342,-0.01121628207588502
7700.816553809401,-0.004708034916653215
7700.852854333304,-0.008661109844528317
7700.881895038157,-0.01500271375993542
7700.918196276397,-0.028256288865266023
7700.954497911498,-0.01053109109616181
7700.990799943465,-0.016326121390218433
7701.019841854789,-0.015279881454837862
7701.056144601134,-0.01359095013593132
7701.092447744366,-0.020759919244307343
7701.121036749002,-0.029349768129892
7701.15734060168,-0.032628455689941084
7701.19364485126,-0.017719457781180427
7701.222688536697,-0.01524360577739776
7701.258993500715,-0.013653626841629535
7701.295298861653,-0.006820879059859916
7701.331604619516,-0.0016624631352648166
7701.360649511597,0.004177541142954038
7701.396955983942,-0.001699151729390512
7701.433262853226,-0.007541564064347032
7701.462308634458,0.0006778196766738145
7701.498616218257,0.018024600675051575
7701.534924199015,0.025789298297705116
7701.571232576737,0.037745087693424786
7701.600279564736,0.025441855642974204
7701.636588657014,-0.0033303684159080456
7701.672898146273,-0.0024716675460412832
7701.701946023513,-0.021441605030254225
7701.738256227358,-0.015322966655467623
7701.774566828204,-0.010674598710413449
7701.803615594724,0.0021670114259400497
7701.839926910185,0.007586687557432064
7701.876238622661,0.012041409819987909
7701.912550732162,-0.0015837267026463902
7701.941600705624,-0.0030156228009404636
7701.977913529784,0.007971211728619806
7702.014226750981,0.015756237742581822
7702.043277613813,0.0027167118937281255
7702.079591549702,-0.012695671005269417
7702.115905882647,-0.025502400207139477
7702.15176667608,-0.009156359370661124
7702.180818742006,0.001837324160847268
7702.217134181782,-0.001556142876019335
7702.253450018639,0.007003441333277386
7702.282502974026,0.013866424886874184
7702.318819525644,0.03151106987415111
7702.35513647436,0.04355000483705739
7702.391453820181,0.04015892971720329
7702.420507982754,0.03871148626399396
7702.456826043377,0.025703890812307173
7702.493144501123,0.003664620735253227
7702.52219955325,0.005550590463363706
7702.558518725827,0.004489998202974538
7702.594838295544,-0.018673155214650558
7702.623894237262,-0.03568780735142521
7702.660214521845,-0.029093219332949234
7702.69653520358,-0.01559045004833988
7702.73285628248,-0.020741031318602932
7702.761913431561,-0.006045410995200745
7702.798235225367,0.012490563786372824
7702.834557416353,0.018218472613686764
7702.863615455112,0.026110342736822886
7702.899938361036,0.026581084903598947
7702.936261664155,0.02257854979736266
7702.972585364477,0.028479231469004933
7703.001644610723,0.04281994474190748
7703.037969026023,0.06685912106265264
7703.074293838545,0.04768809975591384
7703.103353974564,0.02677304692797839
7703.139679502095,-0.0041077450044664805
7703.176005426862,0.01432049452975276
7703.204612372208,0.017691985179605546
7703.240939007051,0.03177468698129635
7703.277266039148,0.04739201487898859
7703.313593468507,0.0526648719955334
7703.342655698025,0.03372231040026515
7703.378983842466,-0.005172927373275269
7703.415312384182,0.0030646647820496246
7703.444375503601,0.010052560154497053
7703.480704760434,0.005940375846659577
7703.517034414561,0.009400581763530846
7703.553364465986,0.023762220991712
7703.582428793188,0.019353672040647352
7703.618759559771,0.028153308570571883
7703.655090723672,0.03868502033462525
7703.684155940865,0.034181868320814796
7703.720487819954,0.0160915774735303
7703.756820096376,-0.006471997395010134
7703.79315277014,-0.01506109366390427
7703.822219195241,-0.010456906467214437
7703.858552584234,-0.00395826656727571
7703.894886370585,-0.01368426439691931
7703.923953685768,-0.009741876535283318
7703.96028818738,-0.010794268656937327
7703.996623086365,-0.01366993307693655
7704.025691291668,0.003401521730848899
7704.0620269059455,0.005955839315034455
7704.098362917615,-0.007841175178799351
7704.134699326684,0.013253634489989063
7704.16376874007,0.024352141312006224
7704.200105864472,0.013360337816529245
7704.235989164812,-0.005947616204251007
7704.265059464436,0.005403185838875321
7704.3013976966495,-0.004068184877165176
7704.337736326297,-0.02969116307926447
7704.374075353381,-0.0446579160630214
7704.40314686121,-0.03365659104650606
7704.439486603701,-0.017785027877519278
7704.475826743648,0.0051005791720858985
7704.50489914178,0.024374540412464056
7704.541239997163,0.04670251162741063
7704.577581250021,0.04509574129698164
7704.606654538492,0.03428423811560335
7704.642996506817,0.017703618056338848
7704.679338872632,0.022582996829653982
7704.715681635946,0.025873221194283952
7704.744756132798,0.03969886821123081
7704.7810996116195,0.02720851438841746
7704.817443487957,-0.00032511364437237065
7704.846518875239,0.007507690553738989
7704.882863467116,0.027834333553509512
7704.919208456524,0.013249686784327622
7704.955553843471,0.005370837481208697
7704.984630439257,0.006695496067397958
7705.020976541785,0.008108336482060347
7705.057323041868,0.02610154170316671
7705.086400528178,0.028940813044038192
7705.122747743873,0.019197480913576336
7705.159095357141,-0.004076736042359804
7705.1954433679875,-0.010098985595733868
7705.224522062926,0.000763098816762668
7705.260870789426,0.006667469489100647
7705.2967655470175,0.005084697312560381
7705.325845128591,-0.0020249535053054666
7705.362194963403,0.0017150349658675934
7705.398545195828,0.006453796800047606
7705.427625668053,0.010644003808616043
7705.463976616196,-0.008944542135574673
7705.500327961968,-0.03277812236984542
7705.536679705374,-0.03642114723791194
7705.565761386402,-0.030784602462457702
7705.602113845569,-0.024449935549902428
7705.638466702389,-0.016320013551580526
7705.667549274158,0.011608322289378546
7705.703902846767,0.0167584376801727
7705.740256817047,0.01600819175556293
7705.776611185002,0.02512494659466501
7705.8056949656975,0.035343701880295404
7705.842050049486,0.033599140378423056
7705.878405530968,0.016323467890524777
7705.907490202497,0.019391897903161856
7705.943846399841,0.03313629569187222
7705.980202994897,0.0468395067637615
7706.009288557295,0.05267072550646583
7706.0456458682465,0.04985868720559882
7706.082003576924,0.06804294868593927
7706.118361683332,0.05637942375270804
7706.147448454835,0.06004503136370985
7706.1838072771825,0.06640675733560077
7706.220166497282,0.02926015609827571
7706.249254159744,0.013944011349326248
7706.285614095811,0.015447210455480405
7706.321519923017,0.013848311774458638
7706.357880649653,0.021025212984438674
7706.386969517363,0.018532784130111845
7706.423330960009,0.02791732765483066
7706.459692800447,0.024680504304212026
7706.488782559209,0.01172928213542816
7706.525145115685,-0.010537807390586395
7706.561508069973,-0.027676701010845517
7706.597871422073,-0.02519301229689821
7706.626962390184,-0.006111245212190772
7706.663326458366,-0.0009126986040036415
7706.699690924382,-0.006109271093193474
7706.728782783638,-0.0022847522275638832
7706.765147965767,-0.015102726082817174
7706.801513545744,-0.03781235281110968
7706.83060629618,-0.05515758567244655
7706.866972592304,-0.038696389605619635
7706.903339286292,-0.03281812452316512
7706.9397063781535,-0.027359186408268624
7706.968800338113,-0.01296310269949671
7707.005168146161,0.005226595806684884
7707.041536352099,0.006115789566859817
7707.070631203334,0.004389924637503266
7707.107000125488,0.014655098738827841
7707.143369445549,0.031436069350037184
7707.179739163524,0.05394858879935642
7707.208835224405,0.058268883224397834
7707.245205658639,0.06284607379525023
7707.281576490804,0.06940868246013081
7707.31067344305,0.07057880248774157
7707.346590344692,0.07214158714591648
7707.38296228612,0.07633316380837243
7707.41206012579,0.062361559367027516
7707.44843278354,0.04933676614434286
7707.4848058392545,0.046784139218068024
7707.521179292939,0.04207533455845296
7707.550278342432,0.04389361807547679
7707.586652512479,0.04300796042055006
7707.623027080515,0.029419662085888483
7707.652127021501,0.01420299660152271
7707.688502305932,0.003539164759953135
7707.724877988368,0.020035930624676988
7707.761254068815,0.02226317861622477
7707.790355219746,0.019052253726759213
7707.826732016632,0.024652907473277256
7707.863109211544,0.028906580680375236
7707.8922112540595,0.034495662294698734
7707.92858916544,0.037404330229962236
7707.964967474865,0.03469075749704246
7708.001346182344,0.02792823981905459
7708.030449434928,0.02069795249378326
7708.066828858918,0.01952700293187966
7708.103208680973,0.014614474602210362
7708.132312825233,0.007591635929489268
7708.168693363832,0.011572088966457244
7708.205074300516,0.0282535127948906
7708.234179336488,0.02807874874411132
7708.270560989746,0.018437137464527673
7708.306943041106,0.012989147165987947
7708.343325490576,0.018580641211346907
7708.372431736793,0.01955500040846357
7708.408360110844,0.03112729850429269
7708.444743670077,0.047193747253581456
7708.473850804119,0.05756825095834501
7708.510235079999,0.04839208464264003
7708.54661975402,0.04867860955917398
7708.583004826194,0.035136233467850435
7708.612113170605,0.022507643529025182
7708.648498959463,0.005305249166647363
7708.684885146491,0.011018469617796959
7708.713994382799,0.011175359416884578
7708.750381286543,0.009297748477891126
7708.786768588473,0.0289434182585953
7708.823156288592,0.029488866500196907
7708.852266735392,0.04623034499083647
7708.888655152273,0.05166987982227031
7708.925043967362,0.05203891935755651
7708.954155306146,0.05884838031139673
7708.990544838026,0.05911915180530597
7709.0269347681315,0.058212234939647715
7709.056046998942,0.057837034997653025
7709.092437645869,0.06082811962791111
7709.1288286910385,0.04585822279962407
7709.165220134458,0.013965053406408013
7709.194333575936,0.02200314375623588
7709.230725736217,0.02253752472217836
7709.267118294766,0.001337024102013378
7709.296232628362,0.005557488793992015
7709.332625903805,0.02375973822763106
7709.369019577532,0.019136045682401844
7709.405413649548,0.017265094500855657
7709.434074261593,0.015346840605040948
7709.470469045568,-0.0018141243233674189
7709.506864227848,-0.0016871112342964414
7709.535980660459,0.005309740732123426
7709.572376559709,0.020648487556214908
7709.608772857283,0.027774278588014494
7709.637890182137,0.026024181383590302
7709.674287196711,0.03899436166701326
7709.710684609624,0.03422009567234682
7709.747082420885,0.037131198596810966
7709.776200956708,0.045306311699285264
7709.81259948501,0.0623327430980999
7709.848998411676,0.04909058010678394
7709.878117839837,0.04521535749807521
7709.914517483575,0.0526020015011093
7709.950917525695,0.05254289766929691
7709.9873179662045,0.041933398532770366
7710.016438605455,0.030712657024172803
7710.052839763077,0.031748355735647674
7710.089241319104,0.048853732643212855
7710.118362850782,0.07153103261434805
7710.154765123957,0.06073178105479544
7710.191167795553,0.04410496623832188
7710.227570865576,0.0498649848145277
7710.256693608469,0.05843866952205318
7710.293097395681,0.047323913457800286
7710.329501581338,0.029973413108840614
7710.35862521675,0.03663711867939669
7710.3950301196255,0.045849716450209195
7710.431435420965,0.032683296199906314
7710.460559948936,0.02100113131740523
7710.496510889831,0.02708864312076254
7710.53291730192,0.03132087391088193
7710.569324112495,0.0470871660980485
7710.598449847869,0.05226630090224558
7710.634857375734,0.04578290735091905
7710.671265302105,0.048444472647518506
7710.700391930128,0.04353900553857333
7710.736800573822,0.04010556637905804
7710.7732096160335,0.04074844597313388
7710.809619056774,0.06436021054183319
7710.838746896312,0.06703395329355286
7710.875157054417,0.07119725607576767
7710.911567611067,0.09138345331631356
7710.940696343343,0.10848540158388915
7710.977107617388,0.13365061571377598
7711.013519289995,0.13014501377479656
7711.042648915049,0.12926117914210633
7711.079061305083,0.12841398516281455
7711.115474093696,0.12030953469175792
7711.151887280895,0.11231584909392313
7711.18101811764,0.09994057587816618
7711.217432022306,0.1058373688188479
7711.253846325575,0.10960881039579991
7711.282978055189,0.10630499805689309
7711.319393075958,0.09279033640776009
7711.355808495346,0.0663871029988965
7711.392224313361,0.045593270238983144
7711.421357254789,0.06271604933888929
7711.457773790345,0.0660172859135996
7711.494190724545,0.05648019172818084
7711.522869340808,0.050310920863956186
7711.559286987598,0.05185066086035323
7711.595705033049,0.04025260364277512
7711.632123477164,0.046298905125552375
7711.661258519502,0.04623744613486855
7711.6976776812335,0.04308647749879499
7711.734097241651,0.0318498179294866
7711.763233177037,0.03309792742556695
7711.7996534551,0.042220051563932846
7711.836074131863,0.05084024028256727
7711.865210960344,0.051102327203277294
7711.901632354782,0.03431211141310793
7711.938054147941,0.03598745539790261
7711.974476339823,0.054145972180524526
7712.003614380416,0.06299547390878144
7712.040037290019,0.07573746843687627
7712.07646059836,0.0853558211320136
7712.105599532135,0.10140826961016446
7712.142023558231,0.10893740946698939
7712.178447983084,0.09514734744892184
7712.214872806702,0.06797440691498682
7712.244012952712,0.046351332461318014
7712.280438494124,0.0381542511362907
7712.316864434317,0.032490624757771244
7712.346005473599,0.04437920422094851
7712.382432131617,0.04737045736924154
7712.418859188433,0.054955338740647855
7712.448001121029,0.06581347999487322
7712.484428895702,0.07995410597445025
7712.520857069188,0.08296570843880612
7712.5572856415,0.0812862825474023
7712.5859734229025,0.06678678556447035
7712.622402708127,0.059498288758914705
7712.658832392192,0.07844093147965252
7712.687976426612,0.07346479504747949
7712.7244068286045,0.05300616998280232
7712.760837629455,0.04183756420383161
7712.797268829168,0.04616452528686557
7712.826414076124,0.044617644580338574
7712.862845993808,0.039424478324586815
7712.899278310372,0.041533413260660845
7712.928424450823,0.04427761608893646
7712.964857485388,0.05612902336064186
7713.001290918853,0.06156353322786627
7713.037724751222,0.05861792346982378
7713.066872104331,0.07371207154196381
7713.103306654743,0.09647516866941915
7713.139741604077,0.10921824983527186
7713.168889850774,0.10343596352370962
7713.205325518181,0.08363038841570815
7713.241761584528,0.07699506383461786
7713.270910724847,0.0889007095324875
7713.307347509301,0.07989960747247167
7713.343784692709,0.07736383903118477
7713.380222275081,0.09266163567738359
7713.409372628237,0.0880225430703052
7713.445810928756,0.0848015162292133
7713.482249628257,0.07812637325782107
7713.511400875126,0.05960736740456686
7713.547840292804,0.04048440833170702
7713.58428010948,0.03736997291630714
7713.62026482,0.03955753216973571
7713.64941727584,0.03761463018833811
7713.685858204753,0.032269821171826384
7713.722299532685,0.028584522344749477
7713.751452882329,0.027141712436211482
7713.787894928515,0.03545594648586429
7713.824337373739,0.06257964413582133
7713.853491617227,0.06730205882712999
7713.889934780733,0.061033449937662534
7713.926378343293,0.07463479418396593
7713.962822304917,0.08735706942002955
7713.991977761542,0.07511934332243397
7714.028422441489,0.0613178103294328
7714.064867520516,0.06266842267840654
7714.094023871077,0.09088160066625456
7714.13046966846,0.0784152737839364
7714.166915864938,0.05905331845002474
7714.203362460517,0.062341317701663415
7714.2325200243395,0.055698855141296987
7714.26896733832,0.04892033051113697
7714.305415051417,0.0667082773479433
7714.334573509265,0.06242738546141098
7714.371021940793,0.04987377405704916
7714.407470771459,0.04104213584024559
7714.443920001267,0.04360183555566446
7714.473079672498,0.048711091008874476
7714.509529620778,0.04545885363828148
7714.545979968219,0.03673909422433003
7714.5751405335695,0.026283636252359792
7714.611591599512,0.027622745937613897
7714.648043064632,0.054304790000615034
7714.67674887437,0.07671248740031968
7714.713201053035,0.08461691967934444
7714.749653630893,0.07486135865184051
7714.786106607954,0.08357059871595593
7714.81526927703,0.08732547439387733
7714.851722972667,0.07944651584110513
7714.88817706752,0.06032450399476231
7714.917340630845,0.05708676613055468
7714.953795444307,0.06976921162568533
7714.990250657004,0.08644617116405398
7715.026706268942,0.10747132349543141
7715.055871045949,0.10118079935935304
7715.092327376538,0.09100333818514403
7715.128784106387,0.09431877678390138
7715.157949777732,0.11352651754090541
7715.194407226261,0.1248174931185857
7715.230865074065,0.12309296921922547
7715.260031639791,0.11759501168044108
7715.296490206309,0.13879278769653924
7715.332949172117,0.13691059119294144
7715.369408537226,0.13129834402539134
7715.398576316812,0.13611093079767372
7715.435036400677,0.13791112544683806
7715.471496883858,0.13406138101401266
7715.500665557914,0.13894267635246108
7715.537126759878,0.13232626204004846
7715.573588361179,0.1155591966004932
7715.610050361819,0.08612153007019135
7715.639220249859,0.07901834609168033
7715.675682969327,0.09016807363276143
7715.711690296703,0.09234811392248347
7715.74086107531,0.10090095269530859
7715.777324908002,0.1018542493116379
7715.81378914007,0.10078289584399054
7715.850253771518,0.11489877321458673
7715.879425764233,0.14120724273506946
7715.915891114583,0.1727906522531733
7715.95235686433,0.19245564259693945
7715.9815297517,0.20731215114037618
7716.017996220376,0.20071932171117404
7716.054463088472,0.1846811636027259
7716.083636870532,0.17968293831875534
7716.120104457592,0.16688964365707523
7716.156572444083,0.15420956313128656
7716.193040830012,0.14713288370089866
7716.222215826357,0.15292689523778585
7716.258684931293,0.17569436091279578
7716.295154435686,0.18065811150248057
7716.324330326811,0.1870804513631969
7716.36080055024,0.17705415296935706
7716.397271173144,0.1634629709979526
7716.433742195527,0.14344131371178281
7716.462919301061,0.13141303861605397
7716.499391042523,0.13037999107961926
7716.535863183482,0.1500514815468284
7716.5650411838915,0.17507934304166153
7716.601514043961,0.19415441765096425
7716.637987303544,0.18474227008939656
7716.667166198866,0.18154713418429905
7716.703640177591,0.19277230978622756
7716.740114555848,0.20683339490250063
7716.7761333964545,0.1974448013675354
7716.805313502366,0.18011338240825747
7716.841788994349,0.18418572265347757
7716.878264885889,0.2145029995336082
7716.9074458868035,0.21941982191101517
7716.943922497559,0.234031270520258
7716.980399507885,0.23385978079967337
7717.01687691779,0.21618621107085742
7717.046059133413,0.21340622309889817
7717.082537262577,0.217150519293079
7717.119015791335,0.22694307459056168
7717.148198902054,0.23860052928763992
7717.1846781501,0.2570986321724994
7717.22115779776,0.261031570444043
7717.2576378450385,0.24179509035866514
7717.286822170593,0.223752601157364
7717.323302937202,0.21132701387302974
7717.359784103449,0.19675346995874626
7717.388969324189,0.18361933022324145
7717.425451209797,0.17087655486561326
7717.461933495057,0.1561115547181324
7717.491119611023,0.15501973264438185
7717.527602615679,0.1543106580394485
7717.564086020006,0.15374435423513827
7717.600569824011,0.17308507196613668
7717.629757154985,0.1833002320597366
7717.666241678424,0.18789206597898936
7717.702726601558,0.1757965929738181
7717.73191482785,0.16794585552525007
7717.7684004704515,0.17653723340437122
7717.804430434768,0.17363909527259766
7717.840916871803,0.1769757007863011
7717.870106309231,0.17956083360095443
7717.906593465776,0.17063519942002728
7717.943081022054,0.17727150314811596
7717.972271354891,0.18515105060944823
7718.008759630709,0.16763072558278663
7718.045248306281,0.1572269993923345
7718.074439534566,0.15908330806204538
7718.110928929709,0.16082824440556429
7718.147418724622,0.17812115812856152
7718.183908919311,0.18396876730151676
7718.213101362906,0.1775138813747063
7718.249592277209,0.183442294816452
7718.286083591305,0.18893227135911095
7718.315276930438,0.19593176602618603
7718.351768964179,0.21237099148753122
7718.388261397731,0.2206107753526743
7718.424754231101,0.21207518748064128
7718.453948785668,0.21569837169593079
7718.490442338725,0.23415694901219103
7718.526936291616,0.233058558855971
7718.556131741815,0.23014720120673687
7718.592626414424,0.22609440033764455
7718.629121486884,0.2234238339045894
7718.665616959203,0.21282481849493792
7718.694813624962,0.21224431810669012
7718.731309817042,0.20511454511270777
7718.767806408995,0.19886445747680795
7718.797003970474,0.2111165997889176
7718.833501282221,0.2229360622470059
7718.869542769996,0.2629007748318539
7718.898741223236,0.2651406472474651
7718.935239649699,0.2637250316801472
7718.971738476074,0.26301341104158615
7719.008237702362,0.25617874594938694
7719.037437371339,0.25127734925964457
7719.073937317493,0.24660590545157002
7719.110437663581,0.2572923521911172
7719.139638228407,0.2715133352111095
7719.176139294393,0.2696455718010669
7719.212640760328,0.2936988833068112
7719.24914262622,0.2850919252159854
7719.278344406908,0.2849299401487914
7719.314846992737,0.2804631095214333
7719.351349978544,0.2594697146103462
7719.380552655174,0.2620978277181758
7719.41705636095,0.26700778091504135
7719.453560466715,0.26989068049752307
7719.482764039328,0.2606692682286666
7719.519268865097,0.25912329306293763
7719.5557740908735,0.27223678349169017
7719.592279716666,0.27615219673447855
7719.621484505315,0.28299561141591817
7719.657990851149,0.2835120628766803
7719.694497597018,0.2651392180962686
7719.723703281739,0.2577202520366302
7719.760210747683,0.2574827481454448
7719.796718613676,0.26571637089488714
7719.833226879725,0.2754181133167078
7719.862433780609,0.2808894629566742
7719.898486401978,0.2998663698569089
7719.934995783217,0.296926198057104
7719.964203576265,0.293999512442568
7720.000713677651,0.30940874486793973
7720.037224179128,0.3218829917666702
7720.073735080702,0.3191142986347492
7720.1029440900365,0.3056844674866525
7720.1394557118,0.312651123488956
7720.17596773368,0.3241678180271733
7720.205177639271,0.33422587334667575
7720.24169038137,0.3516496212039582
7720.278203523603,0.35795283421656077
7720.307414325488,0.3464398139979015
7720.343928187971,0.3499142045420107
7720.380442450606,0.3575582592777502
7720.416957113396,0.3613573087770048
7720.446169131742,0.363490832729995
7720.482684514826,0.36082155816463896
7720.519200298084,0.34947681268035097
7720.5484132128195,0.3474807441697813
7720.584929716401,0.35267568866923
7720.6214466201745,0.3606666966241989
7720.657963924144,0.3638475161287825
7720.687178055466,0.35709261810608295
7720.7236960798045,0.35299804129883944
7720.760214504355,0.3585462347400866
7720.789429532154,0.38085334092258166
7720.825948677106,0.41784524246809235
7720.86246822229,0.43723717037826754
7720.891684146604,0.45655571249779214
7720.928204412218,0.4516187825684042
7720.964268567288,0.42963168576297955
7721.0007896284,0.43640483632606747
7721.030006765478,0.43120960030617755
7721.066528547065,0.4192918317638953
7721.103050728922,0.41319621970562453
7721.132268762608,0.4204006801163202
7721.168791664973,0.43703411523227564
7721.205314967625,0.4406828595237914
7721.241838670572,0.43332887138046483
7721.271057921145,0.43618193861542665
7721.30758234464,0.43097912523606463
7721.344107168446,0.4323459913331513
7721.373327315722,0.43885504038820466
7721.409852860107,0.4438313150916272
7721.446378804821,0.45827727066686724
7721.482905149873,0.4582206512119623
7721.512126514161,0.47439486661586205
7721.548653579833,0.48177897700329425
7721.585181045859,0.48953685322506113
7721.614403306938,0.48443840210985745
7721.650931493615,0.46498940970072405
7721.687460080664,0.4752143096917983
7721.716683238573,0.477663097358894
7721.753212546305,0.49413018059413527
7721.789742254424,0.49487437392141453
7721.82627236294,0.5111600955617146
7721.85549673804,0.518184143173378
7721.892027567279,0.5032444695241791
7721.92855879693,0.4909089873004239
7721.957784068953,0.49951207151316324
7721.993859367511,0.510276218859368
7722.030391713341,0.515100457985662
7722.06692445961,0.5261274424858337
7722.096150944943,0.538552389917782
7722.132684412008,0.5372701973932966
7722.169218279528,0.5356608824540761
7722.198445661875,0.5377503616744019
7722.234980250225,0.547563215109867
7722.271515239044,0.5544123470552047
7722.300743518443,0.5614586240856272
7722.337279228123,0.5765878169776797
7722.373815338293,0.5711486984593201
7722.410351848956,0.5707897132724441
7722.439581345845,0.589343447709768
7722.476118577412,0.6197645825566361
7722.51265620949,0.6423631085790322
7722.541886603525,0.6409950590053821
7722.578424956537,0.6299484163452294
7722.614963710079,0.6150213264485201
7722.651502864153,0.6135204432388857
7722.6807344758045,0.6184654809181082
7722.717274350858,0.6072348895828484
7722.753814626463,0.5919591523625106
7722.78304713535,0.5733902422391967
7722.819588131964,0.5805716194816889
7722.856129529148,0.5958670449109353
7722.892671326907,0.6138600381731256
7722.921905053534,0.6274990963096593
7722.958447572345,0.6432066160488671
7722.994990491749,0.6574477674735277
7723.024225115702,0.6454824050044751
7723.060311958212,0.6205769584484455
7723.096855994301,0.6249849878386925
7723.1260915116145,0.6381052421356459
7723.162636268819,0.6601793545570953
7723.199181426648,0.6830584999410799
7723.235726985113,0.6889748044947023
7723.264963720343,0.6965186794911999
7723.301509999966,0.6872301047335505
7723.338056680237,0.6779250450718851
7723.367294312928,0.6986358895772093
7723.403841714387,0.733785451305996
7723.440389516515,0.7460938903181819
7723.476937719317,0.7250848442146851
7723.50617657005,0.712936411350138
7723.542725494083,0.7191614425851106
7723.579274818807,0.7170562800884367
7723.6085145670895,0.717786944823546
7723.645064613076,0.7241563068481356
7723.6816150597715,0.7301037743450741
7723.718165907183,0.7340429904006607
7723.74740687363,0.726362930800729
7723.783958442346,0.7180434544993183
7723.820510411793,0.736634631840459
7723.849752275885,0.7255483597618576
7723.886304966667,0.7285367141044453
7723.9228580582,0.7387140639491505
7723.952100819973,0.7501941851610315
7723.988654632874,0.7623544197374127
7724.0252088465395,0.7530298284275763
7724.061763460982,0.749153280503408
7724.090550501936,0.7640858093532187
7724.127105832775,0.7857688909814258
7724.163661564407,0.7872171271632148
7724.192906438288,0.789842400150523
7724.22946289136,0.7762875685327405
7724.266019745241,0.7758739177779812
7724.302576999938,0.785804408901382
7724.331823092285,0.789276322482525
7724.368381068463,0.8113949412944182
7724.404939445474,0.820306964881977
7724.434186435685,0.8276686454123656
7724.47074553421,0.8398480973662644
7724.507305033584,0.8524334286089214
7724.536552921701,0.8487200964579256
7724.573113142617,0.8458872868709205
7724.609673764405,0.8397647882391128
7724.646234787064,0.830234271264111
7724.675483893826,0.8210848616175971
7724.712045638072,0.8140257037323009
7724.748607783209,0.811040650018832
7724.777857787965,0.8154831009578836
7724.814420654723,0.8184300002254821
7724.850983922388,0.8293905471619263
7724.887547590965,0.8521212779536727
7724.916798814493,0.8578788931207323
7724.953363204732,0.8489202191380196
7724.989927995904,0.8492803056191406
7725.019180117517,0.8595723498007934
7725.055745630381,0.8581384871382662
7725.0923115441965,0.8667820391886718
7725.128420777555,0.8714019874824469
7725.157674114053,0.8738454966026057
7725.194241145545,0.8939764453069988
7725.230808578011,0.9044423895249375
7725.260062812686,0.9032396643984453
7725.296630966916,0.906740633046123
7725.333199522139,0.9006178473538968
7725.362454655032,0.8900464696547645
7725.399023932051,0.8974659093527939
7725.4355936100765,0.91215842532002
7725.472163689116,0.9152088784082112
7725.501420041083,0.9286096418042681
7725.537990841963,0.9380537348735261
7725.574562043873,0.9540224607465575
7725.603819294148,0.9463545532763437
7725.640391217932,0.9269193885502812
7725.676963542762,0.9199935882583999
7725.713536268649,0.9303938961566884
7725.742794738118,0.9451134129395503
7725.779368185917,0.9685608290943306
7725.815942034789,0.9919331914513068
7725.845201402662,1.0135510035539879
7725.881775973478,1.0226836663347687
7725.918350945385,1.0284511413806399
7725.947611211699,1.0311429250867397
7725.984186905582,1.0269669023830692
7726.020763000571,1.008852508645537
7726.057339496672,1.0090756088788242
7726.086600982361,1.013727104943703
7726.123178200483,1.0246727779933946
7726.1597558197345,1.039588511106561
7726.188560977226,1.0565484042089188
7726.225139313516,1.0678231984750548
7726.26171805095,1.0830200034969242
7726.29829718954,1.0811227491200033
7726.327560789248,1.0814757371236774
7726.364140649931,1.0856194539554214
7726.400720911785,1.0822852250434598
7726.4299854101155,1.0930414369185915
7726.466566394094,1.1128178440166614
7726.503147779262,1.1334870462593256
7726.539729565625,1.153662303585736
7726.568995283578,1.1490242272877895
7726.605577792107,1.1461941219415255
7726.642160701848,1.1484152898681146
7726.67142731852,1.1288317393990934
7726.708010950458,1.1102212510066016
7726.744594983628,1.1032637626679962
7726.773862499053,1.112097876374081
7726.810447254452,1.1161708097890357
7726.847032411098,1.1256972290795983
7726.883617968996,1.1308203162182822
7726.912886704223,1.1370995325825262
7726.949472984395,1.1531798119808447
7726.986059665837,1.1677165968601706
7727.015329299908,1.166443271490929
7727.051916703655,1.1699889331587925
7727.088504508689,1.1847066772088901
7727.125092715018,1.2007448136395358
7727.154363569016,1.2051030632634938
7727.190952497689,1.18204961903448
7727.227084458575,1.1767189923285075
7727.256356207497,1.1858447304770834
7727.2929462548445,1.2090189692433615
7727.329536703521,1.210751813132434
7727.358809351423,1.2216526057311932
7727.395400522506,1.2399497388642662
7727.431992094936,1.251779344007127
7727.46858406872,1.257386235475864
7727.497857936726,1.2787623940572124
7727.534450632962,1.2986934698076766
7727.571043730566,1.3072663850964406
7727.60031849764,1.3050819063856776
7727.636912317728,1.299485444204048
7727.673506539204,1.3021149450875147
7727.710101162072,1.3026166358087892
7727.739377149374,1.3016892080573559
7727.775972494769,1.314190636567805
7727.812568241574,1.3339726145600375
7727.841845128038,1.3501527064317633
7727.878441597398,1.3796354059324822
7727.91503846819,1.398333498712612
7727.951635740414,1.4007705424231989
7727.980913847233,1.3849218364025662
7728.017511842056,1.363842439445226
7728.054110238331,1.3417276454487261
7728.083389244403,1.3271924880578552
7728.11998836331,1.3090122292599162
7728.156587883685,1.2945722587919384
7728.18586778905,1.304818870511071
7728.222468032087,1.3226468403243294
7728.2590686766125,1.340319889081205
7728.295212207077,1.334931054278266
7728.324493328955,1.341078574949525
7728.36109509266,1.3461639179366025
7728.397697257875,1.350377406536638
7728.426979279138,1.3649311738416758
7728.463582167088,1.3725158696029285
7728.500185456566,1.3843927267562088
7728.53678914758,1.3810338964860858
7728.566072389497,1.38410378673264
7728.602676803288,1.3923285268617
7728.63928161863,1.3979318022952458
7728.668565760027,1.4169679513430347
7728.705171298178,1.430368451223926
7728.741777237898,1.4392955939534247
7728.77106227881,1.4401983736963297
7728.807668941371,1.4481073900428918
7728.844276005519,1.4465638195602954
7728.880883471261,1.4500975680755186
7728.910169733006,1.4492310031501294
7728.94677792163,1.4351546250691616
7728.983386511865,1.416148953410629
7729.012673673216,1.4214673151128903
7729.049282986366,1.426818708248727
7729.085892701143,1.4136374189498264
7729.122502817556,1.422174759236812
7729.151791199864,1.4285591188781779
7729.188402039235,1.426805868509654
7729.225013280255,1.42790247990686
7729.254302562265,1.4404067757155206
7729.290914526273,1.451469729884353
7729.327069234901,1.4288846351460782
7729.3636819972335,1.4195151842973903
7729.392972496309,1.4267186195109611
7729.429585981673,1.4487067053188252
7729.466199868728,1.4618715078699434
7729.495491267596,1.4595320177756126
7729.532105877713,1.454647748777491
7729.568720889541,1.4439458474572897
7729.59801318824,1.4457408895829498
7729.634628923162,1.470729974845949
7729.671245059811,1.4800543642309076
7729.707861598193,1.4727655390033711
7729.737155118152,1.4767307606611444
7729.773772379672,1.4529995180305597
7729.810390042942,1.4347712650147202
7729.839684462823,1.4223560035561882
7729.876302849261,1.4154450843894888
7729.912921637467,1.4281069764068015
7729.94954082745,1.4396628419068203
7729.9788364687165,1.430143237491147
7730.015456381908,1.4310672350309943
7730.052076696892,1.4574442529408613
7730.081373238175,1.4751466399848463
7730.117994276401,1.4517837143266712
7730.154615716436,1.4196499307000696
7730.183913157771,1.4153957861561137
7730.22053532108,1.430919865707134
7730.257157886216,1.442356858920984
7730.293780853186,1.432106694264017
7730.323079516084,1.4195476404630383
7730.35970320637,1.4423759469289257
7730.395869494872,1.4298055889195391
7730.4251690539,1.4093626257378251
7730.46179386436,1.393970232579599
7730.498419076688,1.369743081475095
7730.5350446908915,1.3910680754798077
7730.564345471605,1.374603060981746
7730.600971809197,1.3503472133473098
7730.637598548681,1.3419617925215803
7730.666900229635,1.3371694482943086
7730.703527692539,1.3371081972872174
7730.740155557352,1.361276383201498
7730.776783824083,1.3913559745314497
7730.806086726851,1.4358344754043029
7730.842715717044,1.4545148671004797
7730.87934510917,1.419951515516928
7730.908648912267,1.4017277485280186
7730.945279027889,1.4064400964128305
7730.981909545461,1.4087296691590991
7731.011214248927,1.4055788836434397
7731.047845490025,1.3877978041789063
7731.084477133092,1.383853181909012
7731.121109178132,1.4022362389595437
7731.15041510359,1.4021202159301571
7731.187047872199,1.3988996563303864
7731.223681042801,1.4122854932028515
7731.25298786872,1.4157211367000389
7731.289621762921,1.4147373462839792
7731.326256059132,1.4387007313100026
7731.362890757358,1.4222199607044985
7731.392198805394,1.4063543090953443
7731.428376282008,1.3939858077238036
7731.465012100885,1.3899130738595606
7731.494321045454,1.3813221493478067
7731.530957588005,1.3803906631407425
7731.567594532607,1.3905999485720817
7731.596904377768,1.4009621023097114
7731.6335420460755,1.4035739903350126
7731.67018011645,1.4004966569305064
7731.7068185888975,1.391308619481146
7731.736129656355,1.3923447639131683
7731.772768852552,1.4071822118134174
7731.80940845084,1.3957340289234856
7731.838720418979,1.3773833314190407
7731.875360741048,1.3652404334648605
7731.912001465225,1.3610593445621246
7731.948642591518,1.3584774604366654
7731.977955782077,1.3573256517646508
7732.014597632193,1.3658970415936038
7732.05123988444,1.364838867241543
7732.080553975779,1.3545229375068966
7732.117196951879,1.3381636238798447
7732.15384033013,1.341197130356387
7732.190484110536,1.3320801845951298
7732.21979942442,1.3416370774106305
7732.2564439287235,1.3519646921196675
7732.293088835201,1.371821637344631
7732.322405049953,1.3792306493366149
7732.359050680359,1.3826327834968934
7732.395696712956,1.3823540789883189
7732.425013828614,1.3842771865310748
7732.461660585172,1.3928611936721926
7732.497849651971,1.3923091619337205
7732.534497207922,1.3842250195574763
7732.563815542282,1.3818445778526502
7732.600463822237,1.3838944327168734
7732.637112504423,1.379246964040384
7732.666431739783,1.3667252488526467
7732.703081146004,1.3553059980878392
7732.739730954474,1.3541791571532797
7732.7763811651985,1.3586744961196306
7732.805701623409,1.355276991657868
7732.842352558209,1.374472394144479
7732.879003895286,1.3913870751583979
7732.908325254587,1.4088884072469872
7732.94497731577,1.422029285938317
7732.981629779244,1.4035004150266968
7733.010952039676,1.3890002477742807
7733.047605227288,1.3897015737783756
7733.08425881721,1.393658069604945
7733.120912809446,1.4114709185558971
7733.150236292904,1.3947287448919714
7733.1868910093235,1.3717297765265877
7733.223546128072,1.3703471315682167
7733.252870512755,1.362928224892046
7733.289526355717,1.3591145194575782
7733.326182601029,1.362977561371557
7733.362839248699,1.3611940995543466
7733.392164856534,1.3565244340205829
7733.428822228457,1.3487626919430191
7733.465480002755,1.3676916425643637
7733.494806511906,1.3881106022644951
7733.531006776774,1.378074408843023
7733.56766567272,1.3667177940553592
7733.604324971062,1.3532307882816126
7733.633652699466,1.3479616775290935
7733.670312722139,1.349650401889985
7733.706973147226,1.3371160203859727
7733.7363017770385,1.3262471506910933
7733.772962926486,1.2946494261179382
7733.809624478367,1.299316766162957
7733.838954009625,1.3037575523038787
7733.875616285898,1.3353967237904671
7733.912278964622,1.3597979364816997
7733.948942045799,1.3606544563667908
7733.978272800513,1.3664521810347738
7734.014936606126,1.3796692280036567
7734.051600814213,1.4065285118540922
7734.080932470468,1.41954629818263
7734.117597403021,1.3905653219598393
7734.154262738065,1.362852557483047
7734.190928475606,1.3568884193719781
7734.220261355441,1.3587254715156498
7734.256927817492,1.3511344502530427
7734.293594682055,1.342125491925213
7734.322928463522,1.3438790948146322
7734.359596052629,1.3492224730040119
7734.396264044268,1.3487946300982974
7734.425598727403,1.3571556309183546
7734.462267443616,1.360564222155154
7734.498936562375,1.364302798695571
7734.535606083691,1.3607777924955926
7734.564941990587,1.3602104399684383
7734.601153855959,1.3579809545312993
7734.637824499431,1.374373478003177
7734.667161304064,1.3887538921191593
7734.703832672183,1.4061500776821487
7734.740504442893,1.4039873761779114
7734.777176616199,1.3950902645922705
7734.806514644716,1.3936499611904334
7734.84318754271,1.3975604106954154
7734.87986084332,1.3984178368257996
7734.909199773694,1.3877888979093589
7734.945873799024,1.3741131039273224
7734.982548226985,1.365083233819573
7735.019223057584,1.3585295078729596
7735.048563211969,1.3576346708446427
7735.085238767331,1.3575352889447023
7735.121914725351,1.3551591038223036
7735.151255781681,1.3419623921195234
7735.187932464496,1.337415192031135
7735.224609549982,1.354760662168297
7735.253951508301,1.3643295840455076
7735.290629318614,1.3530330989708723
7735.327307531618,1.348224085215365
7735.363986147318,1.3520545005291211
7735.393329329825,1.3509472471066373
7735.430008670393,1.3461304577543707
7735.466688413677,1.332340778219608
7735.496032498265,1.344901705882489
7735.532712966449,1.3557131875787805
7735.569393837366,1.3553308621677658
7735.606075111019,1.3667439577126443
7735.634961897485,1.3688075248616334
7735.671643891047,1.3731617317046863
7735.708326287366,1.3668145448049747
7735.7376724944115,1.367512632250807
7735.774355615705,1.3747118680053005
7735.811039139771,1.375585991519779
7735.840386249024,1.3799498853968137
7735.877070498098,1.3937164213403457
7735.913755149962,1.3934291294747119
7735.950440204623,1.3859431009733545
7735.979788538367,1.391253682403814
7736.016474318078,1.3936698444077025
7736.0531605006,1.3879259143037885
7736.08250973665,1.380182822408136
7736.119196644254,1.380754345568691
7736.155883954689,1.381580071347389
7736.192571667963,1.3737510341431614
7736.22192212863,1.371142659796337
7736.258610567027,1.3597431905006416
7736.295299408277,1.366415559585944
7736.32465077134,1.3716826377582962
7736.3613403377485,1.3787117273096308
7736.3980303070275,1.3878786404282222
7736.434720679186,1.3808196777407216
7736.464073266991,1.3717458786577466
7736.500764364349,1.3910553742478295
7736.537455864603,1.4086524350086556
7736.566809354894,1.4106796780361754
7736.603501580377,1.4040024981207773
7736.640194208775,1.4064316838630038
7736.669548601595,1.3926994365352356
7736.7057832858445,1.3724828687849993
7736.742477037398,1.3896055377372
7736.779171191889,1.3990861786463564
7736.808526805599,1.3963022087951653
7736.845221685394,1.3865591530844985
7736.881916968144,1.4044535508396747
7736.911273484476,1.4076006497086315
7736.94796949256,1.3887998454392083
7736.984665903616,1.3918611587788268
7737.021362717653,1.3837107658432328
7737.050720459031,1.3859101023968323
7737.087417998446,1.38151784905669
7737.124115940856,1.3893994754448482
7737.153474584944,1.399007570529581
7737.190173252765,1.418530571434619
7737.226872323598,1.4159797807987586
7737.25623187044,1.387527836415946
7737.292931666715,1.3579986845632999
7737.3296318660205,1.3730603551726592
7737.366332468366,1.3777534267746883
7737.395693240432,1.3681106197765462
7737.43239456826,1.3612217630265275
7737.469096299142,1.3488401028085337
7737.498457974053,1.3593303261076617
7737.5351604304515,1.3715289064360847
7737.571863289921,1.3699537517480114
7737.608566552472,1.361372357930955
7737.637929452734,1.3454949387567903
7737.674633440843,1.3367436554349652
7737.711337832047,1.3604731397109944
7737.740242823836,1.3640438141485554
7737.776947935591,1.3621877194971184
7737.81365345046,1.3685991038112295
7737.85035936845,1.3607087300060081
7737.879724393092,1.3597475520216091
7737.916431036714,1.3585977867768322
7737.953138083474,1.3620234777409312
7737.982504011145,1.3580625237592534
7738.019211783569,1.3580955176337501
7738.055919959147,1.3603373613393637
7738.085286789888,1.3619047107823459
7738.12199569116,1.370533790530864
7738.158704995608,1.3631263721553295
7738.195414703234,1.3753965444967722
7738.224782759629,1.3807646636115904
7738.261493192993,1.3898563201128258
7738.298204029554,1.3860406959184208
7738.327572989108,1.377055159902476
7738.36428455144,1.3622832575317931
7738.400996516984,1.349553286518346
7738.437708885749,1.3496611009274935
7738.467079071083,1.3398529555200065
7738.503792165662,1.3355922213364635
7738.540505663478,1.3354163829484638
7738.569876752064,1.3427160275076635
7738.606590975724,1.3448980573220666
7738.64330560264,1.3369990227873094
7738.672677594521,1.330216803446735
7738.70939294731,1.3309933725341443
7738.746108703373,1.351144903291905
7738.782365908236,1.355142553836231
7738.811739122043,1.3534940658907701
7738.8484560022625,1.3517436331760917
7738.88517328578,1.3499268815980046
7738.914547402971,1.3442900359341705
7738.951265412439,1.3474303877858549
7738.987983825218,1.3645927376269982
7739.024702641321,1.352158500864697
7739.054077984597,1.3327955162494172
7739.090797526691,1.3362874389701844
7739.127517472122,1.347905159080789
7739.156893718876,1.3315882096088643
7739.193614390332,1.317468715824556
7739.230335465145,1.300061739653524
7739.267056943319,1.2877703785809929
7739.296434416282,1.2807388659143601
7739.333156620523,1.2846173756181865
7739.369879228144,1.2983214618885035
7739.399257604678,1.299293109596384
7739.435980938395,1.302706740110215
7739.472704675511,1.2990550573045725
7739.502083955654,1.2932426232711751
7739.538808418901,1.3122424326522828
7739.57553328556,1.3149659436872398
7739.61225855564,1.32970899053007
7739.641639062173,1.3371314289165024
7739.6783650584275,1.3404514759818513
7739.715091458121,1.3308124568753827
7739.744472868353,1.3165242497657696
7739.78119999425,1.3097106227024833
7739.817927523603,1.2973432471362691
7739.854196354767,1.3023244511795342
7739.883578987481,1.3202670935183645
7739.920307641501,1.3294917108426887
7739.957036699,1.3240907822948589
7739.986420235506,1.3162132677657226
7740.023150019285,1.3080828306140246
7740.059880206558,1.3153972475528752
7740.096610797336,1.3208976600736018
7740.125995560485,1.3316555994557493
7740.162726877584,1.3265592093813001
7740.199458598203,1.3127538363603548
7740.22884426524,1.2979557159793065
7740.265576712212,1.2875456391540003
7740.302309562724,1.2934903416472696
7740.331696133687,1.2961410521306798
7740.368429710583,1.3091622319990872
7740.405163691036,1.3199432571296563
7740.441898075051,1.3089550821177383
7740.471285872831,1.2931960365735353
7740.508020983274,1.294301003104905
7740.544756497296,1.3001310149831073
7740.574145199095,1.2896200297452391
7740.610881439578,1.279745752168334
7740.647618083658,1.2729212970298844
7740.684355131341,1.2648277411615594
7740.713745060085,1.2583190794538535
7740.75048283427,1.2540165093998186
7740.787221012077,1.2568745536580863
7740.816611844933,1.2686590104430036
7740.853350749274,1.268877971633156
7740.889630813412,1.2837419921752955
7740.919022546382,1.2664809414210922
7740.955762575881,1.243579927540998
7740.9925030090335,1.2426771513674506
7741.029243845851,1.2517803764879045
7741.058636805946,1.244331693285279
7741.095378369371,1.2365546195561714
7741.132120336475,1.245698509067977
7741.161514200814,1.253627096784885
7741.198256894559,1.2680004928762845
7741.234999992002,1.2748246369680878
7741.271743493148,1.2832618080071805
7741.301138584735,1.2745545913262741
7741.337882812565,1.2539346358123953
7741.374627444114,1.2437527296796336
7741.404023440037,1.2470536345758851
7741.440768798302,1.2471789171973455
7741.477514560305,1.2363152627211234
7741.514260726055,1.2205682176022974
7741.543657949355,1.2132831921322784
7741.580404841859,1.2239397667110377
7741.617152138128,1.2291764298734533
7741.646550265856,1.2209062565124331
7741.683298288914,1.2221025582837906
7741.720046715751,1.2432099356629271
7741.749445747946,1.2565249853435445
7741.786194901603,1.2603066469216833
7741.822944459061,1.2533948423654804
7741.859694420319,1.2275514121012152
7741.88909468007,1.2210310085128853
7741.925845368193,1.2081421706916535
7741.9621370689965,1.2046323796821927
7741.991538229268,1.2100337927080653
7742.028290043061,1.2238170771359171
7742.065042260692,1.218803622498182
7742.101794882167,1.2196983941558905
7742.13119727012,1.2152761256847375
7742.167950618536,1.2157187537600318
7742.204704370812,1.2106673310447484
7742.23410766342,1.1990862511411031
7742.270862142665,1.2076363021111718
7742.307617025791,1.1959796469584774
7742.337021223091,1.1803169041653814
7742.373776833219,1.174034874476952
7742.410532847245,1.1898974734118641
7742.447289265174,1.1787239498173663
7742.476694690334,1.1668484043322318
7742.513451835309,1.1694450292316445
7742.550209384204,1.1773281531121111
7742.579615714148,1.19731157111361
7742.616373990119,1.210116981324331
7742.65313267003,1.2259759936394181
7742.689891753886,1.2368977762313178
7742.719299311817,1.2314877883906883
7742.756059122792,1.2186837980720446
7742.792819337729,1.2060256931485935
7742.822227800538,1.2016195726969578
7742.858988742627,1.2009837687949703
7742.895750088694,1.1996987573975368
7742.932511838751,1.190998948062779
7742.961921529672,1.2012148942935728
7742.998224473461,1.1983021357462398
7743.034987349666,1.1885599502697484
7743.064397941516,1.1894846937128396
7743.101161544945,1.1988099657987392
7743.137925552394,1.2024296657298457
7743.167337049255,1.1938473002456944
7743.204101783962,1.1847159479270941
7743.240866922709,1.1745119764929497
7743.277632465501,1.1890875153434044
7743.307045190652,1.1974258830014854
7743.343811460744,1.203073943804804
7743.3805781349,1.208777230398342
7743.409991765153,1.2111828272288645
7743.446759166639,1.2139467272940005
7743.483526972206,1.1978123977315118
7743.520295181862,1.1679734047453452
7743.549710040532,1.1527890126326588
7743.586478977559,1.171544953499871
7743.623248318692,1.1679374673317726
7743.65266408256,1.145557318067906
7743.689434151099,1.1348208256872743
7743.726204623758,1.1400750050440167
7743.755621292861,1.1610128705974887
7743.792392492959,1.1690998510852395
7743.829164097197,1.1492055738452769
7743.865936105582,1.1306363929977599
7743.89535400328,1.1300236129369372
7743.932126739144,1.1426960680846334
7743.968899879173,1.1426873083888491
7743.9983186822,1.1291297659372383
7744.035092549739,1.1071540465723546
7744.071407140569,1.0964921647871455
7744.108181811427,1.0862262451806233
7744.137601839132,1.0823051086829572
7744.174377237544,1.072787629894591
7744.211153040162,1.0682027435410946
7744.240573973288,1.0582150364273868
7744.27735050349,1.0741974914071646
7744.314127437916,1.1000824413154306
7744.350904776572,1.1119203605344996
7744.380326938546,1.1246517486397059
7744.417105004832,1.1345595505926995
7744.453883475361,1.1373229829382445
7744.483306542849,1.1348881301808527
7744.520085741042,1.1344882467549733
7744.556865343498,1.1360491535284947
7744.586289316537,1.1355946710440825
7744.623069646686,1.1381451743411755
7744.659850381117,1.13315245352358
7744.696631519837,1.1288139087347573
7744.726056721904,1.1311457808666383
7744.762838588357,1.1305801332077259
7744.799620859118,1.1345162743801607
7744.829046966832,1.1197864455230364
7744.865829965357,1.1195580193127455
7744.902613368207,1.112790391587464
7744.939397175389,1.1181758828777013
7744.968824512256,1.1246886461366696
7745.005609047246,1.1292181760081974
7745.042393986583,1.1417778954906168
7745.071822229188,1.1420926300718646
7745.108148073033,1.1351326270355542
7745.144934139522,1.1402091395090335
7745.174363283861,1.1341913008704487
7745.211150078223,1.1237977633970357
7745.247937276969,1.129695499825954
7745.284724880102,1.1309854408932776
7745.314155253774,1.128212129865799
7745.350943584824,1.1227602196073956
7745.387732320281,1.1191646675554154
7745.417163599823,1.1074086189145431
7745.453953063226,1.1013474853627874
7745.490742931055,1.1111372639957118
7745.527533203313,1.112146941595307
7745.556965712315,1.1115947585099042
7745.593756712563,1.0987909047733126
7745.630548117261,1.086822564935887
7745.659981532226,1.0914296025024586
7745.696773664946,1.0810506885075537
7745.733566202129,1.0963969643529263
7745.770359143786,1.1001555661520002
7745.799793788336,1.1066583786820177
7745.836587458058,1.0991372736799268
7745.873381532269,1.0754317451701343
7745.902817082874,1.0574592412821848
7745.939611885183,1.0577241153765802
7745.976407092,1.0714522353232405
7746.005843548699,1.0802630231425232
7746.042639483644,1.0845074674051538
7746.079435823113,1.0947868699464964
7746.116232567113,1.1093408042727864
7746.14567025358,1.104446727152968
7746.182007754851,1.1055038115689675
7746.218805626515,1.0934596470626436
7746.248244215124,1.0898195284694985
7746.285042814989,1.0998090423726061
7746.321841819421,1.0887693873961568
7746.358641228426,1.0835286762681753
7746.388081046927,1.081775815631053
7746.424881184175,1.092778550871958
7746.461681726017,1.095822167290319
7746.4911224508,1.0830091679139637
7746.527923720919,1.0670849531394744
7746.564725395645,1.0431334706799622
7746.594167026745,1.036799602376919
7746.630969429781,1.0464080495943313
7746.667772237443,1.0659113023544662
7746.704575449736,1.0601113001811786
7746.734018310906,1.0473348705006666
7746.770822251552,1.0346044928452336
7746.807626596847,1.0326631720340123
7746.837070364432,1.0248807533736308
7746.87387543811,1.027030110655822
7746.910680916456,1.0443536551946122
7746.947486799473,1.0654766025953022
7746.976931797258,1.0620371074986619
7747.013738408702,1.0475108200200418
7747.050545424837,1.0378441715977804
7747.079991329127,1.0438096103053098
7747.116799073722,1.0478668235055228
7747.153607223027,1.0351907156394022
7747.190415777041,1.040832054700928
7747.219402798185,1.0446211761380912
7747.256212075646,1.053624426721246
7747.293021757837,1.0636764227364086
7747.322469795002,1.0672537152418882
7747.359280205728,1.0615397215596019
7747.3960910212045,1.0516672939680543
7747.425539965007,1.0672781601608763
7747.462351509048,1.0745259542409904
7747.499163457857,1.0725491863656897
7747.535975811439,1.0658266456578167
7747.565425985745,1.0470902110852984
7747.6022390679345,1.0513886280987745
7747.639052554917,1.0447472937568962
7747.668503635957,1.0338378073720274
7747.705317851577,1.0377389138139768
7747.742132472005,1.038715936477926
7747.7789474972515,1.0381679355055362
7747.808399808919,1.0324722287392312
7747.845215562847,1.0366653662011123
7747.882031721608,1.0345405400064407
7747.911484940101,1.0313093413377368
7747.948301827577,1.0132938957097621
7747.985119119902,0.9996159956842503
7748.014573245259,0.998916285092269
7748.051391266332,1.008219406922603
7748.088209692272,1.018071990342915
7748.125028523088,1.0023117054305148
7748.154483879254,0.9882487771740815
7748.191303438855,0.9899215953702067
7748.228123403353,0.9938392384576937
7748.257579666477,0.9931720712381735
7748.293940098629,1.000238244155751
7748.330761191794,1.0051259816974067
7748.367582689876,1.0077149919049175
7748.397040179884,1.0028375132167648
7748.43386240683,1.0028867672798785
7748.470685038708,0.9972849431129187
7748.500143435768,1.008203575374837
7748.536966796543,1.017195089986675
7748.573790562269,1.0371603303066217
7748.610614732951,1.044773804550387
7748.640074361071,1.0225865926508686
7748.676899260694,0.9938510486573247
7748.713724565291,0.9842289146534895
7748.743185100553,0.9971659445920751
7748.780011134121,1.005759010357162
7748.816837572682,1.0204720036420614
7748.846299015129,1.0274342196065787
7748.883126182691,1.0304820104189814
7748.919953755264,1.0260479456468143
7748.956781732853,1.0101106100625032
7748.986244406542,0.9961066298807735
7749.023073113176,0.9675122438788686
7749.059902224844,0.9439439220338168
7749.089365805809,0.9449161214166997
7749.126195646554,0.944454986934934
7749.163025892353,0.9590274884376722
7749.199856543208,0.9733031359794662
7749.229321355539,0.9805933652101864
7749.266152735516,0.9968728691025173
7749.302984520567,0.9954933831264257
7749.331989836403,0.9916288935017286
7749.368822345544,0.9924040186028527
7749.405655259778,0.9976916852625044
7749.435121882836,0.9967355872876171
7749.471955526254,1.0005945609854077
7749.50878957478,0.9952974226637739
7749.545624028427,0.9998740864308209
7749.575091883031,0.9916080194607653
7749.611927065903,0.9861213412341763
7749.648762653911,0.9990447077063342
7749.678231416017,1.013787411840974
7749.715067733283,1.014072737443016
7749.7519044557,1.0009239128296974
7749.788741583277,0.9858004421919622
7749.818211577056,0.9804355409942742
7749.855049433935,0.9813593217182117
7749.891887695988,0.9709795268275272
7749.921358597364,0.952092402547134
7749.958197588752,0.9596750654996953
7749.995036985334,0.9827847099711677
7750.031876787118,1.0092781436119047
7750.06134892029,1.0167144764749205
7750.09818945145,1.0094902059435633
7750.135030387825,1.0110743864092766
7750.164503428687,1.0079603637597359
7750.201345094473,0.9956539534995925
7750.238187165493,0.9970050045978518
7750.267661114084,0.9976287192009419
7750.304503914544,0.9951317424099237
7750.3413471202575,0.9962145337422967
7750.378190731231,0.9987978119349763
7750.407205360111,0.9893703649890162
7750.444049695499,0.9767002189333827
7750.480894436168,0.971774664959876
7750.510370520506,0.9683119994076566
7750.547215990688,0.96687834729748
7750.584061866165,0.9772975524739727
7750.620908146943,0.9865335311297536
7750.650385463387,0.9877030862767144
7750.687232473723,0.9814582449137998
7750.724079889377,0.9674578426233755
7750.753558113734,0.9528703053282779
7750.790406258979,0.9585438271333737
7750.82725480956,0.9610296406607224
7750.856733941871,0.959765212767409
7750.893583222071,0.9653500260683916
7750.9304329076285,0.9757842077338315
7750.967282998546,0.9851207435654148
7750.996763363143,0.9757821880782194
7751.033614183722,0.9690549078659516
7751.070465409681,0.971525808345518
7751.099946682324,0.9858112934144161
7751.13679863798,1.004397225013888
7751.173650999031,1.0078575061963948
7751.210503765482,1.013072642460729
7751.239986270539,1.0081810801921443
7751.276839766731,0.9948609285641099
7751.313693668343,0.987867628073231
7751.343177081539,0.9760921468095722
7751.380031712921,0.9585389849501254
7751.416886749741,0.9633240504716583
7751.453281496473,0.9655125213100564
7751.482766138154,0.9653487340390214
7751.5196223051635,0.9691479510589696
7751.556478877634,0.9789762587090853
7751.585964427546,0.9732248729109045
7751.622821729864,0.9590567472892606
7751.65967943766,0.9595848793170552
7751.689165895845,0.9553453640295482
7751.726024333517,0.9608175572510349
7751.762883176687,0.9646394049862461
7751.799742425361,0.9713017060418625
7751.829230116264,0.9628456766992068
7751.866090094859,0.9608120067657522
7751.902950478971,0.9751689140941207
7751.93243907824,0.9695773971069104
7751.969300192308,0.9605306646320111
7752.006161711914,0.9609254359871695
7752.043023637062,0.9778404376151859
7752.072513469176,0.9803952997820733
7752.109376124321,0.9862482760186229
7752.146239185027,0.9821219610060639
7752.175729925602,0.9743709072156714
7752.212593716336,0.9568592119171511
7752.249457912651,0.9558466499170291
7752.278949561723,0.9632947454334646
7752.315814488097,0.9644949082811294
7752.352679820066,0.9544834859434159
7752.389545557641,0.9383207916929521
7752.419038439741,0.942391145702404
7752.455904907418,0.9395371891707367
7752.492771780714,0.9263609075203638
7752.52180472893,0.9226828816877024
7752.558672327293,0.9221089931390016
7752.595540331293,0.9213264312634856
7752.632408740939,0.9248864739432465
7752.661903760726,0.9329383246891706
7752.6987729005505,0.9525242578139093
7752.735642446039,0.9870029243397922
7752.765138374508,0.9960055409540669
7752.802008650204,0.9917419172064161
7752.838879331581,0.9944806565567543
7752.875750418644,0.9875196372366852
7752.905247580394,0.9749173277667502
7752.94211939771,0.9575069390209063
7752.97899162073,0.9497802998034328
7753.008489691259,0.9592670072464287
7753.0453626445615,0.9799300919731959
7753.082236003588,0.9794823775467252
7753.111734982935,0.9731981706294008
7753.148609072277,0.9526382182745128
7753.185483567361,0.9240315575753819
7753.222358468189,0.9211522090119451
7753.251858680993,0.925367800069865
7753.288734312183,0.9280258117541176
7753.325610349135,0.9295573058228631
7753.35511147085,0.9347304763185129
7753.391988238193,0.945400456686758
7753.428865411317,0.9548415173484905
7753.46574299023,0.9428672101855059
7753.495245345531,0.9349076242240161
7753.532123654878,0.9383093916115397
7753.568541383586,0.922341788492909
7753.598044643833,0.9084956334578197
7753.634924084379,0.9139517170415647
7753.671803930749,0.9155460035335719
7753.701308100041,0.9257418384778267
7753.738188676905,0.9269354982684774
7753.775069659612,0.9352107481098464
7753.811951048167,0.9486945732796614
7753.841456451226,0.9671915021488584
7753.878338570321,0.9691502985733409
7753.915221095279,0.9671314824184163
7753.944727407475,0.9738476681728905
7753.981610663008,0.981386222309971
7754.018494324423,0.9785977120784168
7754.055378391726,0.9690631535376069
7754.084885937815,0.9758632069681501
7754.121770735734,0.9756863407432221
7754.15865593956,0.9477480303073451
7754.188164394878,0.9456741071006749
7754.225050329353,0.953512016575756
7754.26193666975,0.9524700975668661
7754.29882341608,0.9361238367519438
7754.328333105418,0.9226607866847077
7754.365220582435,0.9258234647687134
7754.402108465403,0.9299943009325184
7754.431619064065,0.9160169391782327
7754.468507677756,0.9102167575642742
7754.505396697412,0.9100763872318902
7754.534908205437,0.9183488381170741
7754.571797955849,0.9174018771460238
7754.608688112244,0.9125191401509167
7754.645117540092,0.9101713599613033
7754.674630278257,0.9093591614162295
7754.711521566364,0.9158335414903604
7754.74841326048,0.9312673462103079
7754.7779269081,0.9355213737519116
7754.814819333044,0.9417892621812531
7754.851712164015,0.9373633898586022
7754.888605401016,0.9236071969024156
7754.918120282962,0.9083400422562024
7754.955014250836,0.9039768358335667
7754.99190862476,0.9017702356221073
7755.021424416259,0.9017538349963488
7755.058319521085,0.8944769417176924
7755.09521503198,0.8988281875435371
7755.132110948947,0.9116093499987316
7755.1616279749,0.9090164862721787
7755.198524622813,0.8866966413183072
7755.23542167682,0.8950040136196098
7755.264939612415,0.8975120700015412
7755.301837397402,0.8869053032397718
7755.338735588496,0.8884119770334942
7755.368254433774,0.8818123974889653
7755.40515335588,0.893175089155167
7755.442052684112,0.9108000340997338
7755.478952418478,0.930305322804599
7755.508472498389,0.93118131197693
7755.545372963808,0.915754291500052
7755.58227383538,0.9079348068297083
7755.611794825068,0.9003720380370591
7755.648696427723,0.9062419315398936
7755.685137158931,0.9252752986436424
7755.722039568853,0.9212744806901907
7755.75156178924,0.907868251241502
7755.788464930291,0.8932082609022697
7755.825368477535,0.8964014744360933
7755.854891607792,0.8971280768425758
7755.891795886197,0.8991311772748093
7755.928700570811,0.8936802126465333
7755.958224610979,0.8834481620824547
7755.995130026787,0.8837111568385958
7756.032035848822,0.8702123735509407
7756.06894207709,0.8619028699002871
7756.098467352198,0.8731523733763558
7756.135374311704,0.8748254663618577
7756.172281677461,0.8779397808771569
7756.201807862571,0.8806605263889629
7756.238715959597,0.8773512151646272
7756.275624462892,0.8628366502470484
7756.312533372462,0.8607554084535348
7756.342060792639,0.8733689439167007
7756.378970433521,0.8803576042807817
7756.415880480697,0.8794098801095219
7756.445408810972,0.8789375458681609
7756.482319589492,0.8892900715390123
7756.519230774319,0.8792634127894102
7756.556142365466,0.8932738901770991
7756.585671930937,0.9225914831850899
7756.62258425347,0.9391846342969326
7756.659496982339,0.9258917701855413
7756.689027457998,0.9289797876043562
7756.725479497525,0.924352398758714
7756.762393359083,0.916926886702131
7756.791924740911,0.9098026152958091
7756.82883933392,0.8928400407715352
7756.865754333302,0.8663039192305502
7756.90266973906,0.8814563407152206
7756.93220235626,0.9065381595244153
7756.969118493511,0.9247601208346089
7757.006035037158,0.9031532275686303
7757.035568564682,0.8872378553410677
7757.072485839852,0.8713066420662755
7757.1094035214355,0.8666255922719334
7757.146321609437,0.8772725734413866
7757.175856372463,0.8892081642915999
7757.212775192032,0.8812631156235156
7757.249694418039,0.8646965503736154
7757.279230091483,0.8578037407559601
7757.316150049091,0.880459016730259
7757.353070413152,0.8868012763797651
7757.38260699705,0.8706068189982398
7757.419528092744,0.8534672997252645
7757.45644959491,0.8540163108994789
7757.493371503552,0.8596130732256946
7757.522909323134,0.8613000807211756
7757.559831963451,0.8690131479883513
7757.596755010267,0.8722507949224294
7757.6262937404,0.8726541910592743
7757.663217518921,0.8676273677790414
7757.7001417039555,0.8675199843040178
7757.737066295511,0.8614513657589841
7757.766606261453,0.8444260516754588
7757.803070015709,0.8470642698680536
7757.839995740469,0.8418815878423261
7757.8695366129905,0.8448621569738054
7757.906463069533,0.8534497502245355
7757.943389932633,0.8507775604119182
7757.980317202293,0.8542726777924672
7758.00985931075,0.872481613826875
7758.046787312237,0.8802084889950145
7758.0837157203005,0.8927771201669754
7758.113258739496,0.9069750211801786
7758.150187879419,0.8973670123618689
7758.1871174259395,0.8857139279958538
7758.216661355909,0.8854382933212064
7758.25359163432,0.8788252068213106
7758.290522319345,0.8657371902183276
7758.32745341099,0.8709346576031922
7758.3569985770755,0.871216356735503
7758.393930400653,0.8728264831776457
7758.430862630872,0.8922292827251375
7758.4604087078305,0.8940694778720168
7758.497341670013,0.8935783170254358
7758.53427503885,0.8999722328148707
7758.57120881435,0.9027708221336083
7758.600756127554,0.8982208666244521
7758.637690635063,0.896474210625503
7758.674625549253,0.887199897116798
7758.704173773419,0.8820458980057171
7758.741109419649,0.8832607675773994
7758.778045472577,0.8886160957152487
7758.807594607746,0.8857983865730963
7758.844069680424,0.8799301224828884
7758.881006867056,0.8743667232146242
7758.9179444604115,0.8647114131857525
7758.947494827937,0.844430516783278
7758.984433153408,0.8352125380565404
7759.021371885617,0.8497204611196947
7759.05092316424,0.8527513757927752
7759.087862628597,0.8409321993959092
7759.124802499712,0.8341305787317798
7759.16174277759,0.8471163415125418
7759.191295292767,0.8603723672501031
7759.228236302834,0.8709612457387202
7759.265177719685,0.8681268869705628
7759.294731146053,0.8666203126567699
7759.331673295126,0.8651646151495177
7759.368615850996,0.8645370552265412
7759.405558813674,0.8543506511167338
7759.435113476721,0.8535179053728028
7759.472057171665,0.8563727867990472
7759.509001273432,0.8539145439824175
7759.538556847761,0.8570945819518754
7759.575501681827,0.8633266990368237
7759.612446922733,0.8640578552065225
7759.642003408388,0.8675441065996189
7759.678949381622,0.8624087950332283
7759.715895761718,0.8633607105854376
7759.752842548676,0.8508725415713192
7759.782400271192,0.8435874709086444
7759.819347790524,0.8487068486683442
7759.85629571674,0.8518946973026149
7759.885854350674,0.8656686386951868
7759.922341148548,0.8836220719268667
7759.959290208984,0.8948030526640436
7759.996239676326,0.8896932763023622
7760.025799543178,0.8886799245542042
7760.062749742969,0.8929828054752486
7760.099700349681,0.9099508349699749
7760.129261128045,0.9087416901462284
7760.166212467239,0.8963612831587724
7760.203164213377,0.8955901043552301
7760.232725903289,0.8927967196629764
7760.26967838194,0.8950084918348217
7760.306631267549,0.8794603204750637
7760.343584560124,0.8533627642605903
7760.373147487205,0.836214329617129
7760.410101512337,0.8225621920921748
7760.447055944453,0.8333242568377377
7760.47661978318,0.8513840315638865
7760.513574947882,0.8682311350356077
7760.5505305195875,0.8631041659779353
7760.587486498302,0.8600892569692035
7760.617051574323,0.8647794399469907
7760.654008285666,0.861215589524638
7760.690965404037,0.8547345928296254
7760.720531391797,0.869015574637164
7760.75748924283,0.8853774766945759
7760.794447500908,0.8954020116315469
7760.831406166034,0.8968628068143922
7760.860973391216,0.9007433078125474
7760.897932789049,0.8914969615558092
7760.934892593951,0.8929753019501521
7760.963998726819,0.8988997380705923
7761.000959259371,0.9022278961648706
7761.037920199007,0.9141745481922937
7761.067489243821,0.9212733510463876
7761.104450916227,0.9070938320885766
7761.141412995736,0.8970814143455855
7761.178375482356,0.8985086741367819
7761.207945764774,0.8970510797044874
7761.244908984206,0.8799631113570628
7761.281872610766,0.8754264301005384
7761.31144380515,0.8816259899434185
7761.348408164555,0.8785514828512153
7761.385372931104,0.8631814720703046
7761.422338104806,0.8595807563199563
7761.45191053692,0.8684389727576545
7761.488876443511,0.871828153035173
7761.525842757271,0.8758600616385425
7761.555416101443,0.8859691702700656
7761.592383148123,0.8890975413512775
7761.62935060199,0.891058454755436
7761.658924858261,0.8881058170347906
7761.695893045082,0.8935368295274593
7761.732861639105,0.8863690822703272
7761.769830640341,0.8835463430379044
7761.799406134526,0.9077581802751734
7761.8363758687565,0.9395458400970145
7761.873346010218,0.9419744568252475
7761.902922416595,0.933644560214723
7761.939893291083,0.9289964409095828
7761.976864572819,0.9157363372702709
7762.013836261804,0.8949419385340482
7762.042951753524,0.8824755605909823
7762.07992417049,0.8925061245513082
7762.11689699473,0.8918078470334714
7762.146475547359,0.8803404494216066
7762.183449104701,0.8731688496772733
7762.220423069332,0.864183442653904
7762.257397441257,0.8510415765285677
7762.286977232054,0.8457468679730671
7762.323952337125,0.8565201226936269
7762.36092784951,0.8755104142826248
7762.390508552685,0.8819617162015637
7762.427484798247,0.8814033008147749
7762.464461451141,0.8797168168174978
7762.494043066738,0.8776001477916608
7762.53102045284,0.8577789147815917
7762.567998246292,0.8655268051150745
7762.604976447097,0.8801909615746157
7762.634559301042,0.8864186996750193
7762.671538235102,0.9030997135057782
7762.708517576533,0.916851997169181
7762.738101342991,0.9246311037318661
7762.77508141771,0.9249705444025239
7762.812061899817,0.9236153758132369
7762.84904278932,0.9253196806616905
7762.878627794253,0.9198644346469068
7762.915609417088,0.9168582459008868
7762.952591447334,0.9274706208613475
7762.982177364873,0.926876333986778
7763.019160128482,0.9187759822469419
7763.056143299523,0.921427092955624
7763.085267833484,0.9245857939332309
7763.122251732824,0.9164199475578849
7763.159236039614,0.9075013486586411
7763.19622075386,0.900054697520057
7763.225808818628,0.9110680853098105
7763.262794266311,0.9261014583049699
7763.299780121469,0.944411451278989
7763.329369098979,0.9484046714218655
7763.366355687605,0.9492946036530416
7763.40334268372,0.9384235572068287
7763.440330087333,0.9251545873588553
7763.469920303628,0.9346894673477075
7763.506908440755,0.9682906031446004
7763.543896985397,0.9778698664449745
7763.5734881145245,0.9715241709705054
7763.61047739271,0.973152284079797
7763.647467078428,0.9594339357579427
7763.684457171687,0.9660530345874843
7763.714049539727,0.9717844754015097
7763.751040366573,0.9611053050807077
7763.788031600975,0.949469938094627
7763.817624881944,0.9456770875080296
7763.854616849967,0.9386912691481613
7763.891609225564,0.9316519734818505
7763.921203419503,0.9261396004329484
7763.958196528752,0.93169112626037
7763.995190045593,0.9304994966255316
7764.0321839700355,0.9290565576864911
7764.061779403066,0.9251762812612885
7764.098774061203,0.9322238708155175
7764.135769126957,0.9482364525359572
7764.164903028133,0.9464663683075869
7764.201898822519,0.9514371426696997
7764.2388950245395,0.9447049305491388
7764.275891634201,0.9287886815117856
7764.305489215435,0.930338292486427
7764.342486558868,0.9473437930497868
7764.379484309959,0.9508469262591355
7764.409082804349,0.9585983607567443
7764.446081289241,0.9607892943275791
7764.483080181812,0.9533079973753233
7764.512679589398,0.9551115718272982
7764.549679215802,0.957918422163907
7764.5866792499,0.9649814070596465
7764.6236796917,0.9916830630386282
7764.653280338689,0.9982759406027204
7764.690281514366,0.9866666454344739
7764.727283097762,0.972198661045925
7764.75688465804,0.9643496195695598
7764.793886975345,0.9585820873762889
7764.830889700388,0.940940495203699
7764.867892833172,0.9307308453445324
7764.897495632979,0.9186763087186788
7764.934499499716,0.9214517639529676
7764.971503774215,0.9193534355461018
7765.001107487405,0.92614416857343
7765.038112495889,0.9346514323493686
7765.075117912153,0.9383943590070554
7765.1121237362,0.926092123957342
7765.141728689045,0.9300773216532299
7765.178735247121,0.9399153999437315
7765.2152796234095,0.9325819810712115
7765.244885485656,0.9204141789967175
7765.281893180497,0.9224627913340117
7765.318901283158,0.9214996803057107
7765.3485080589235,0.9163577410080274
7765.385516895678,0.930881776537394
7765.422526140269,0.9510755706845444
7765.459535792706,0.9607983903784805
7765.489143808308,0.9477076405740812
7765.526154194882,0.9413714543514231
7765.563164989315,0.9486122853716557
7765.592773918527,0.9606571941641711
7765.629785447132,0.9632618719739579
7765.666797383616,0.9489633935945165
7765.703809727986,0.9513544143555859
7765.733419897162,0.962348124295582
7765.770432975744,0.9867423657358922
7765.80744646223,1.0002678114384957
7765.837057545115,1.012557786653385
7765.874071765841,1.0053116085906004
7765.9110863944925,1.0127094655205664
7765.940698391122,1.0143611261369885
7765.977713754049,1.0355735847809888
7766.0147295249135,1.054464898145162
7766.051745703727,1.061057368892957
7766.0813589405025,1.0562034878832522
7766.118375853635,1.0536095948880264
7766.155393174731,1.0417771766587165
7766.185007325344,1.0352309839687988
7766.222025380793,1.0211388904751346
7766.25904384422,1.00912688180784
7766.295599977227,1.0027064566647852
7766.325215364036,0.9925760716983132
7766.3622349647485,0.9870956486988578
7766.399254973467,0.9811554499260364
7766.428871274207,0.9823445726639921
7766.465892017352,0.9961928488558327
7766.50291316852,1.0146778551015831
7766.539934727718,1.0275681345127023
7766.569552268862,1.0209790457321821
7766.60657456253,1.0261276634919079
7766.643597264246,1.0446469555941666
7766.673215719418,1.042934136796254
7766.710239155634,1.0197264202383076
7766.747262999918,0.9951612535538006
7766.776882369158,0.9813828888665364
7766.813906947975,0.9641633353141461
7766.850931934877,0.9600964092920383
7766.8879573298655,0.9676388981204287
7766.917577939689,0.9810316694332657
7766.954604069258,0.981357759492516
7766.991630606934,0.9671736613207595
7767.021252130917,0.9638604781000488
7767.058279403203,0.9788346062788633
7767.095307083616,0.9949095157077361
7767.132335172158,1.002924120450731
7767.161957936851,1.0003407857696647
7767.19898676005,1.0117275407094808
7767.236015991396,1.0177986989593526
7767.265639670345,1.0202378882510428
7767.302669636378,1.0315080114961832
7767.339237128379,1.0311948249808978
7767.368861717542,1.0375895124011545
7767.405892821357,1.0304932073245967
7767.442924333355,1.0139572296067731
7767.479956253546,1.0009242963628042
7767.509582083603,1.0006980450609337
7767.546614738555,1.0095939353587715
7767.583647801715,1.010010408671009
7767.61327454616,1.0094375359335646
7767.650308344115,1.015408161698249
7767.687342550296,1.005487454423241
7767.724377164712,0.9895356803164446
7767.754005150175,0.9864984446246561
7767.791040499426,0.9848639491074158
7767.82807625693,0.9943482110777415
7767.857705156876,0.9908037131562435
7767.894741649249,1.0027769571076248
7767.931778549889,1.0281969390392645
7767.968815858806,1.0526536300358575
7767.998445999902,1.052250895522593
7768.035484043728,1.0537480373191177
7768.072522495852,1.0571700995022968
7768.102153551525,1.0609685189821236
7768.139192738591,1.0523168505741631
7768.176232333968,1.0439649598159142
7768.205864304256,1.021802753161631
7768.242904634611,1.016445208392183
7768.279945373292,1.0366449327424823
7768.31698652031,1.0547490208025434
7768.34661973193,1.0627980044911627
7768.383661613967,1.0582885363188137
7768.420240873208,1.0367388736827738
7768.449874995455,1.034639269734133
7768.486918015794,1.022794710826236
7768.523961444503,1.0045408237104185
7768.561005281588,1.0004012927874788
7768.590640645293,1.0060660504175505
7768.627685217474,1.00904112502191
7768.664730198051,1.01838038392446
7768.694366476562,1.0117494730786178
7768.731412192265,1.0097790202829757
7768.768458316382,1.0165011964161392
7768.798095509737,1.0158752972395522
7768.835142369015,1.012652430865111
7768.872189636722,1.0195472877693275
7768.909237312866,1.043787207540624
7768.938875747861,1.050059729165266
7768.975924159208,1.0471910830555922
7769.0129729790115,1.043141570491507
7769.042612328944,1.0535362758064297
7769.079661883983,1.0604775463346665
7769.116711847493,1.0555870110411816
7769.153762219483,1.0447684613197388
7769.183402811183,1.036481748437462
7769.220453918452,1.027553641717621
7769.257505434219,1.0366187363176418
7769.287146940954,1.0243507156303064
7769.32419919203,1.028058317289939
7769.361251851619,1.0309442087316036
7769.398304919732,1.0415553983812404
7769.427947668363,1.046396036334704
7769.464538296766,1.0526140368109318
7769.501592503664,1.045785374011468
7769.531236163336,1.0393105204349735
7769.568291105622,1.0354429622445909
7769.605346456464,1.0364945566167802
7769.634991031304,1.039742506631548
7769.672047117564,1.0602070811137099
7769.7091036124,1.0557644580000254
7769.746160515817,1.0512291118999544
7769.775806332733,1.0433762176523316
7769.812863971612,1.0347904972218032
7769.84992201909,1.0255196863761358
7769.879568751267,1.0345528359659835
7769.916627534239,1.056794493531769
7769.9536867258275,1.0688847816531108
7769.99074632604,1.061899966620877
7770.020394300422,1.0590166952389177
7770.057454636171,1.0457045870270223
7770.0945153805615,1.0382161414598852
7770.1241642703,1.0328309727179965
7770.161225750259,1.0303576857908943
7770.198287638878,1.0220779328549303
7770.227937444012,1.0158272323308364
7770.265000068234,1.0346026482141812
7770.302063101133,1.0513638368011733
7770.3391265427135,1.0393967323454363
7770.368777590233,1.0543064675501481
7770.40584176746,1.0761646128393734
7770.442906353387,1.0846417954751186
7770.472558316398,1.081911502065327
7770.509623638002,1.086578635898916
7770.546226044175,1.071488562286958
7770.583292178115,1.0703837335425945
7770.612945379553,1.055413745772643
7770.650012249213,1.0373869257237152
7770.687079527618,1.010412100107574
7770.716733644641,1.0017155793748727
7770.753801658797,1.0021974707200483
7770.790870081715,0.9849650813818254
7770.8279389134,0.991367627501508
7770.857594273065,0.9959446257745697
7770.894663840545,0.9982098080244972
7770.931733816812,1.0005328135739908
7770.961390092156,1.00969120251537
7770.998460804252,1.0186795148521042
7771.035531925151,1.0353125557094118
7771.065189116211,1.0460059182511139
7771.102260972972,1.0447930556087488
7771.139333238551,1.054303548758431
7771.176405912959,1.0543367462640463
7771.206064346845,1.042474380495688
7771.243137757157,1.045225756060546
7771.280211576315,1.0527836082050759
7771.309870926014,1.0661094084649179
7771.3469454811075,1.0784562740047214
7771.384020445064,1.0702324186703194
7771.42109581789,1.064110337607706
7771.450756410541,1.0695169626400711
7771.487832519349,1.061854838580413
7771.524909037042,1.0507045355908924
7771.554570545599,1.0306368376905726
7771.591184331112,1.0263196110942394
7771.628261988611,1.0363006430309831
7771.665340055021,1.0403925997181975
7771.695002802571,1.0352710532532863
7771.732081605039,1.008301739428259
7771.769160816433,0.9957366233566891
7771.798824479984,1.0057028640428822
7771.835904427469,1.0159887029604786
7771.8729847838995,1.0194160117816238
7771.902649363491,1.028053817435864
7771.939730456043,1.0325157385164867
7771.976811957559,1.0270767880169451
7772.013893868048,1.0369466549657076
7772.043559690903,1.0389399135952098
7772.080642337552,1.0400753034282286
7772.117725393194,1.030663277799092
7772.147392132183,1.0158555033156884
7772.18447592402,1.0085167123679262
7772.221560124864,1.0079693087597983
7772.25864473472,1.0170115613274184
7772.288312717102,1.0214708114480409
7772.325398063199,1.030551414564379
7772.362483818327,1.0407893012515728
7772.392152716935,1.0465593866390765
7772.429239208336,1.0467153628330579
7772.466326108785,1.0277834247480437
7772.495995923662,1.0104051694254652
7772.533083560417,1.006401253751296
7772.570171606237,1.0090063864819576
7772.607260061131,1.026144353036223
7772.636931119583,1.0359478449816395
7772.673556693408,1.0396233171067226
7772.710646288629,1.0325905782307796
7772.740318259353,1.0248912923027627
7772.7774085909505,1.0206721833986117
7772.814499331659,1.0282011606178914
7772.851590481481,1.048828729522345
7772.881263695908,1.0677736902467831
7772.918355582153,1.0702000423729783
7772.955447877533,1.0775620098871632
7772.985122008417,1.0836396830868789
7773.022215040254,1.0868754787675743
7773.05930848124,1.0863342250565078
7773.096402331383,1.071618275119262
7773.126077706096,1.057365013558191
7773.16317229274,1.0571254870593179
7773.200267288559,1.072165398718736
7773.229943579822,1.0783954850118738
7773.267039312173,1.0784963472956182
7773.304135453716,1.0910212884175616
7773.3338126615745,1.098415232668304
7773.370909539681,1.097187193291588
7773.408006826998,1.0909346155819313
7773.445104523534,1.0661991140044356
7773.474782975404,1.054585774507129
7773.511881408546,1.048037315561368
7773.548980250925,1.0347545126517046
7773.578659619481,1.0304619779070827
7773.615759198498,1.028845250185011
7773.652859186769,1.0178205078381684
7773.689959584299,1.0296158392412056
7773.719176435408,1.0277905964902967
7773.756277564506,1.0348187070798809
7773.793379102879,1.0566246140478266
7773.823060628265,1.0525715267247588
7773.860162903355,1.038816333550362
7773.897265587741,1.0337545677343147
7773.926948029945,1.028790136524914
7773.964051451079,1.0260269114208418
7774.001155281525,1.0369900898933577
7774.038259521291,1.0387242499234834
7774.067943207819,1.0454288521564123
7774.105048184376,1.0509667575204333
7774.14215357027,1.0466710786698517
7774.171838173713,1.046854919090145
7774.208944296431,1.0318673946558525
7774.246050828503,1.0190551630418063
7774.283157769939,1.0135801021358477
7774.312843617832,1.0101281615242108
7774.349951296133,1.0136960209717365
7774.387059383814,1.0324898218943137
7774.416746148717,1.0445858008033917
7774.453854973299,1.0420542662810326
7774.490964207278,1.0336360685282158
7774.528073850659,1.036484827486818
7774.55776186014,1.042177857389001
7774.5948722404655,1.0562556540220485
7774.631983030211,1.070812229305362
7774.661671956797,1.0667739679903843
7774.698783483518,1.0680075612584707
7774.73589541968,1.065715869006726
7774.765585263411,1.0617753449508722
7774.802234025637,1.0732173975287913
7774.839347103146,1.0767162949141924
7774.876460590119,1.0753051346656315
7774.906151674514,1.0866925719808875
7774.943265898536,1.0786106220946663
7774.980380532042,1.0618866195998509
7775.010072533677,1.055297687884552
7775.047187904264,1.0551781820047452
7775.084303684353,1.062063295315203
7775.121419873944,1.0506114700341211
7775.151113120469,1.0372401406797433
7775.188230047189,1.0295278161096744
7775.2253473834335,1.031122889911353
7775.25504154729,1.036828003779798
7775.292159620694,1.0440760397604143
7775.32927810364,1.0270788023267263
7775.35897318487,1.0088770251508539
7775.396092405004,1.0126368176886391
7775.433212034702,1.0370664472366709
7775.470332073964,1.036687335270484
7775.500028400266,1.0238005955587186
7775.537149176763,1.021017051662918
7775.574270362845,1.0210070667009803
7775.603967606614,1.0221259184319986
7775.641089529963,1.0242283235120309
7775.6782118629135,1.0276514583165146
7775.715334605471,1.0335599373224447
7775.745033094441,1.0410319170408657
7775.782156574311,1.0372483666456824
7775.819280463806,1.0315758780051374
7775.848515815096,1.0409156096943604
7775.885640436813,1.0528800058414098
7775.922765468175,1.0446110038366012
7775.959890909188,1.0263511227928852
7775.989591556951,1.015131255719244
7776.026717735351,1.026456397935538
7776.063844323419,1.038966972576374
7776.093545888838,1.0392138947451763
7776.130673214326,1.0444921288352635
7776.167800949499,1.048879609883572
7776.197503432617,1.0471717418030813
7776.234631905241,1.0437476125570955
7776.271760787568,1.0301657110753044
7776.308890079607,1.0420492509309138
7776.338593808236,1.0519475777604304
7776.37572383777,1.0491390149788153
7776.412854277031,1.0531094199474673
7776.442558923451,1.0614901819405542
7776.479690100239,1.0680704096204476
7776.516821686776,1.0580833926567939
7776.553953683066,1.0680573909880962
7776.583659575121,1.0733623856175332
7776.620792308981,1.0792746524321717
7776.657925452611,1.0908277888883395
7776.687632262554,1.0806494510747868
7776.724766143789,1.0751273104455839
7776.761900434811,1.071038953320087
7776.791608162681,1.0718947329033481
7776.828743191339,1.0632042767786654
7776.8658786298,1.052660903412074
7776.902550277447,1.0517940401607284
7776.93225924704,1.0514428063482748
7776.969395827871,1.0518877463026526
7777.006532818535,1.0578526610206727
7777.036242706151,1.0648295075683945
7777.073380434525,1.0744944494398017
7777.110518572748,1.0732907857598268
7777.147657120826,1.083489846788458
7777.177368254391,1.0914932264490775
7777.214507540224,1.083914044155465
7777.25164723593,1.0621395203704964
7777.281359287608,1.0554545288410768
7777.318499721102,1.0421714644258018
7777.355640564488,1.0415103723112629
7777.39278181777,1.048375503750979
7777.422495115526,1.050851345627098
7777.459637106638,1.0640226040551894
7777.496779507667,1.0722054878385157
7777.526493723634,1.078385875502728
7777.563636862525,1.0823439836163558
7777.600780411351,1.0757488494135636
7777.630495545566,1.0481033945992255
7777.667639832287,1.0304118961674946
7777.704784528958,1.0322354402397083
7777.741929635587,1.0474181680812138
7777.771646016063,1.0469960661314481
7777.808791860632,1.0346684043085161
7777.845938115174,1.027906540136085
7777.875655413995,1.0346382622302923
7777.912802406511,1.0402781260603753
7777.94994980902,1.0518351503910173
7777.98663327134,1.0492289766521599
7778.016351812451,1.0401752348910553
7778.05350035785,1.0386206810380259
7778.090649313265,1.0393177193390737
7778.120368772814,1.0340298597973572
7778.157518466278,1.04307298196218
7778.194668569777,1.0466024985860176
7778.224388947806,1.0333800411767278
7778.261539789383,1.0429155646242891
7778.298691041015,1.0546508750978243
7778.335842702707,1.0781977282706552
7778.365564327309,1.0795960000372993
7778.402716727124,1.0788420586125593
7778.439869537016,1.0766770628961335
7778.46959208019,1.0747490264215311
7778.506745628239,1.0689569475648506
7778.543899586384,1.052379101773633
7778.58105395463,1.0543361841513605
7778.610777744504,1.0659408691676078
7778.647932850951,1.0822044678389982
7778.685088367517,1.0629847648252242
7778.714813076059,1.0537689811087516
7778.751969330858,1.057964495818909
7778.789125995792,1.0540872381930328
7778.826283070874,1.0368213147932313
7778.856009026246,1.0423365895599919
7778.893166839602,1.0557329734169547
7778.930325063119,1.0726214461328318
7778.960051937255,1.0762355388193103
7778.997210899081,1.0689411815991756
7779.033905776405,1.063196951561898
7779.063633565243,1.0541446935408674
7779.100793670462,1.039037654353907
7779.137954185878,1.0313939561244942
7779.1751151114995,1.0273580950187775
7779.204844147348,1.0313206202791652
7779.242005811354,1.0337081967710178
7779.279167885582,1.058000064765578
7779.308897840328,1.0683673888999818
7779.3460606529725,1.0815291177106576
7779.383223875857,1.0916236451314727
7779.420387508989,1.085268455335231
7779.4501187108735,1.0783704226635815
7779.487283082465,1.0639630783222622
7779.524447864322,1.055825890583561
7779.554179985202,1.0398039154833427
7779.591345505547,1.03632051627275
7779.628511436179,1.0442906772658302
7779.658244476092,1.0528157364052861
7779.695411145247,1.0563421284071837
7779.732578224703,1.0663606914724404
7779.769745714465,1.0688028539300114
7779.7994800017,1.065854391204052
7779.836648230032,1.0593668130626557
7779.873816868689,1.0527986132991496
7779.903552075049,1.0580149464309772
7779.940721452308,1.0744818207067433
7779.977891239908,1.07652881096384
7780.015061437856,1.062578613698656
7780.04479789167,1.0601805265839306
7780.081968828265,1.0586074951747135
7780.118675530855,1.0571967417983408
7780.148412899788,1.058379696678769
7780.185584980296,1.0605997860993708
7780.22275747119,1.0399642683443948
7780.259930372475,1.0396938424742117
7780.289668988987,1.0646551003613427
7780.326842628991,1.070380267835209
7780.364016679406,1.0729112221813444
7780.393756215237,1.073539988918282
7780.430931004405,1.0656349946285248
7780.468106203999,1.0687580021871639
7780.497846659187,1.0576185025897993
7780.535022597566,1.05073383433079
7780.572198946392,1.0404875074864193
7780.609375705667,1.0356431856947816
7780.639117408618,1.0477080398870104
7780.676294906725,1.060919871681709
7780.713472815301,1.0568806678493905
7780.743215437701,1.0541147164559581
7780.780394085139,1.0521913946435255
7780.817573143064,1.073748934885014
7780.8547526114835,1.077266580557416
7780.884496481777,1.0809959369717719
7780.921676689101,1.1027193511146258
7780.958857306937,1.1169581692787656
7780.988602096779,1.1191253113272612
7781.025783453551,1.1144274467855395
7781.062965220854,1.0827932057485696
7781.092710930284,1.0533655696525253
7781.129893436557,1.0225241121866602
7781.166611564383,1.0183286391902717
7781.203794886627,1.030810320582578
7781.233541840024,1.0350692467240874
7781.270725901281,1.0339539648138496
7781.307910373112,1.0287163461413862
7781.337658246189,1.0396933261062382
7781.374843457065,1.054100134517437
7781.412029078531,1.0442895696306276
7781.449215110592,1.0405582039015897
7781.478964231875,1.0477603759413923
7781.516151003026,1.05977215755681
7781.553338184793,1.069365689694884
7781.583088225852,1.0744134250586577
7781.620276146739,1.0809427806977143
7781.6574644782595,1.0779285312012816
7781.694653220419,1.0823889599309207
7781.724404509812,1.0895675838623082
7781.761593991136,1.0900967316484584
7781.798783883118,1.0743939413391281
7781.828536092382,1.0636296174842652
7781.865726723562,1.064014804139326
7781.902917765418,1.0598944409684525
7781.932670894592,1.0723579668005794
7781.969862675678,1.0847256385290605
7782.007054867458,1.0942041831198517
7782.044247469937,1.0951119502414082
7782.074001847624,1.0927063020508694
7782.111195189377,1.0982213137005896
7782.148388941849,1.101894346299435
7782.178144239545,1.0973190428174495
7782.21533873132,1.0728388301983613
7782.252068695016,1.0406326268279007
7782.289264003135,1.042133804476585
7782.319020545367,1.0547481636570353
7782.356216592837,1.0564819189147652
7782.393413051066,1.051401760192913
7782.423170513402,1.051565960808747
7782.460367711013,1.0480843509644893
7782.4975653194015,1.0474205957939944
7782.527323701877,1.0505879158922617
7782.564522049684,1.0619832057971292
7782.601720808284,1.0640020975612918
7782.638919977684,1.0634173434892895
7782.668679608987,1.0426907814449389
7782.705879517848,1.03368088927866
7782.74307983753,1.0490182049519272
7782.772840389068,1.062452488472857
7782.8100414482415,1.0776068239806238
7782.84724291825,1.0793970547449745
7782.884444799105,1.0836217828918913
7782.914206599599,1.091103623982063
7782.95140921999,1.08372151019816
7782.988612251242,1.061467475555651
7783.018374972069,1.0576739166607327
7783.05557874289,1.070047016729059
7783.0927829245875,1.0721936256267033
7783.129987517175,1.0673991011120958
7783.159751487086,1.0726256194817365
7783.196956819285,1.0795426634911027
7783.234162562387,1.0814979375819387
7783.263927452725,1.0778418774518523
7783.300668851901,1.0677567586220176
7783.337875740432,1.0661190548587387
7783.367641547126,1.0673152282454321
7783.404849175336,1.0625174514327922
7783.442057214486,1.0597123528407515
7783.479265664582,1.0614585710432765
7783.509032720544,1.0520607855920574
7783.5462419103615,1.0539910308243134
7783.583451511142,1.0586737926672596
7783.613219487666,1.0611142427135047
7783.6504298282,1.0498932121539195
7783.687640579715,1.0381888420385856
7783.724851742221,1.042338054573294
7783.754620968143,1.0472623976671183
7783.791832870443,1.0669606215698724
7783.829045183753,1.0657677506804744
7783.85881533033,1.0571892703655474
7783.896028383469,1.057494611865926
7783.933241847632,1.0505099668279572
7783.963012914905,1.059630876651559
7784.00022711893,1.0721852963951342
7784.037441733997,1.0791268056663659
7784.074656760115,1.066787189049303
7784.104429076968,1.0630478693256702
7784.141644842991,1.0624385644872412
7784.178861020081,1.0585113608065737
7784.208634257727,1.0579977799349765
7784.245851174753,1.0515466991549016
7784.283068502867,1.0489449753817237
7784.320286242072,1.0488347430109974
7784.350060729426,1.0604487177886912
7784.386813975086,1.0604147536389281
7784.424032860244,1.066397488839903
7784.453808264373,1.0728821525573788
7784.491027889543,1.0623915794598893
7784.528247925842,1.0646700465937704
7784.565468373276,1.0615792510400552
7784.595245027245,1.0611541727856537
7784.632466214736,1.0666538339062395
7784.669687813378,1.0701988351556952
7784.699465388328,1.0693747576476782
7784.736687727061,1.0576105464049723
7784.773910476966,1.0303331625601644
7784.803688972935,1.0363457036490462
7784.840912462962,1.0581961033305936
7784.878136364176,1.0664256748695016
7784.915360676585,1.0771407382971885
7784.945140422576,1.0778247792788453
7784.982365475153,1.083862966466365
7785.019590938941,1.083832839526539
7785.049371606049,1.0716377510976474
7785.086597810037,1.0572132981205546
7785.123824425254,1.0508865729397143
7785.161051451709,1.057960593422289
7785.190833368968,1.0529415920092755
7785.2280611356655,1.0486884754547998
7785.265289313617,1.0718780787265914
7785.295072152089,1.0856839665115596
7785.332301070317,1.0941250493452124
7785.369530399818,1.0996574668260153
7785.399314159539,1.100590156347334
7785.436078850938,1.1051599968413395
7785.473309326897,1.0991573003661648
7785.5105402141535,1.0828027441421033
7785.540325220094,1.060556586121212
7785.577556847702,1.0506510640792324
7785.614788886626,1.0481644779474686
7785.644574813914,1.0524232291178224
7785.681807593221,1.0468530235525184
7785.7190407838625,1.050753293235157
7785.756274385843,1.052537249928732
7785.7860615635955,1.0434512375554958
7785.8232959060015,1.0331044257219568
7785.860530659769,1.033244627936281
7785.890318758962,1.0359197105564162
7785.9275542531905,1.041252952756433
7785.96479015879,1.0421838608885008
7786.002026475775,1.0458338394503606
7786.031815825561,1.0563954973510288
7786.06905288305,1.0665938248751976
7786.106290351939,1.055827959619203
7786.136080623261,1.0622417793583505
7786.173318832686,1.0592327051406758
7786.210557453531,1.0323884987154652
7786.240348646432,1.0252659831439308
7786.277588007843,1.0185505728506374
7786.314827780691,1.0236338934195248
7786.352067964984,1.0518241903086356
7786.381860408661,1.0715586699209134
7786.419101333564,1.0692344816972597
7786.456342669929,1.052569556092185
7786.486136035278,1.0446265426334165
7786.522912583787,1.038435288545375
7786.560155067132,1.0503119882353942
7786.597397961963,1.0530779524495484
7786.627192574102,1.051725084300908
7786.664436209624,1.0385820442044207
7786.701680256646,1.0289551233139895
7786.731475790552,1.0347537939630282
7786.768720578297,1.0456880287313832
7786.805965777564,1.062361547257985
7786.835762233276,1.077858938143527
7786.873008173296,1.0715921539702453
7786.910254524857,1.0595431230273213
7786.947501287962,1.0490093506832026
7786.977298994763,1.0422407405246905
7787.014546498666,1.0427733059705484
7787.051794414134,1.0463339370368372
7787.081593042838,1.0413824509521301
7787.118841699134,1.0378394810852365
7787.156090767014,1.0419873309607277
7787.193340246482,1.0628460884179294
7787.223140126403,1.071825229300837
7787.260390346746,1.0625279574181783
7787.297640978692,1.0578374298443725
7787.327441780612,1.0556139965458409
7787.364693153468,1.0591688365169323
7787.401944937947,1.058486180221258
7787.439197134056,1.0666162220482454
7787.468999187322,1.063271372950155
7787.506252124383,1.0697998947900467
7787.5435054730915,1.080675465953984
7787.5728427749345,1.0784722124566803
7787.610096859482,1.086282051118735
7787.647351355696,1.0836510019186865
7787.677155249069,1.0572796467366428
7787.714410486298,1.0339529416535393
7787.751666135212,1.0435592196674321
7787.788922195818,1.0635670061232103
7787.818727340722,1.0634946405516255
7787.855984142386,1.0555756655043549
7787.89324135576,1.057289816486122
7787.923047422893,1.0664915022496677
7787.96030537736,1.072614963725952
7787.997563743552,1.0652899086223233
7788.034822521478,1.0723672944248925
7788.064629840272,1.089734288658329
7788.101889359335,1.1042359623574651
7788.139149290149,1.0984844078359965
7788.168957531264,1.090290767120659
7788.206218203247,1.0839456721963083
7788.243479287,1.0860575341344076
7788.280740782528,1.0740436581671902
7788.310550275432,1.0573434292675972
7788.347812512173,1.057598204564745
7788.385075160708,1.0602788317402336
7788.414885576031,1.06306304188532
7788.45214896581,1.0705488146085986
7788.489412767402,1.0654126285638605
7788.5192241051855,1.0608893613341284
7788.556488648056,1.0749900710255071
7788.593753602756,1.0890179228147283
7788.630553149667,1.1013497214728818
7788.660365735305,1.103573242413421
7788.697631838014,1.1004629679028277
7788.734898352578,1.0815791289554488
7788.764711860768,1.0629818810641893
7788.801979116686,1.0537691144602346
7788.839246784479,1.0637096716247951
7788.876514864146,1.0930863763575454
7788.9063296244385,1.0991452819113736
7788.943598445508,1.089514983190024
7788.980867678471,1.0816852818594627
7789.010683361412,1.070236215891635
7789.047953335808,1.0554197354736843
7789.085223722118,1.0482571381298096
7789.11504032775,1.0515947647551032
7789.152311455522,1.0474417854314781
7789.189582995229,1.057867079157423
7789.226854946873,1.0495018730568788
7789.256672804792,1.042674677337533
7789.293945497945,1.0227542697645424
7789.331218603053,1.0029579245155662
7789.3610373837555,0.9962095569222722
7789.398311230406,1.0069063449258666
7789.435585489031,1.01045506729965
7789.472860159636,1.0228023661086307
7789.502680192754,1.0366108029338605
7789.539955604945,1.0359153714613893
7789.577231429135,1.03882283683231
7789.607052385131,1.0527787941861775
7789.644328950939,1.0707246446098575
7789.681605928764,1.0810997843172911
7789.718417348698,1.0638665575585993
7789.748239553118,1.0562729247659692
7789.7855176794765,1.0369150633868973
7789.822796217879,1.030945810580552
7789.852619345274,1.04070144211656
7789.889898625368,1.048672681840557
7789.927178317523,1.045370499892295
7789.957002367935,1.0470493850331175
7789.994282801815,1.0444599427288237
7790.031563647771,1.0542124264401709
7790.068844905814,1.0599159103963005
7790.098670208954,1.068026852072115
7790.135952208768,1.0719019779858692
7790.173234620683,1.0862503889866368
7790.203060846932,1.080047541389382
7790.240344000649,1.0581362605209808
7790.277627566486,1.0552915480501752
7790.314911544452,1.0405876856164737
7790.344739023561,1.0263191447772204
7790.382023743371,1.0454269832931482
7790.419308875328,1.0547850005894457
7790.449137277643,1.0486567005685021
7790.486423151476,1.0365579984284072
7790.523709437474,1.0506718105581239
7790.553538763036,1.0565571484407543
7790.590825790945,1.057167205545552
7790.628113231034,1.0595267190333455
7790.665401083314,1.056955296477787
7790.695231661917,1.0480325996072295
7790.732520256151,1.0545804318950067
7790.769343147465,1.069317192406656
7790.799174645288,1.0770699657727993
7790.836464388562,1.0801273668471343
7790.873754544061,1.0908721645401431
7790.911045111789,1.102896968231145
7790.940877862782,1.0950791471945933
7790.978169172543,1.0840138660921512
7791.015460894551,1.0918133534031158
7791.045294568981,1.0978874917993244
7791.082587033054,1.1031403698975768
7791.119879909394,1.113701309859513
7791.157173198005,1.1151413719678467
7791.187008125737,1.0999645306102612
7791.224302156456,1.0781287955442511
7791.261596599467,1.060430550421445
7791.29143245073,1.0472007764297584
7791.328727635884,1.0489595992076146
7791.366023233342,1.052516809894952
7791.395860008179,1.0492887406421634
7791.433156347814,1.0518960134577142
7791.470453099774,1.0597992642366176
7791.507750264068,1.06325260077145
7791.53758829239,1.0603964327361244
7791.574886198901,1.0602727515726713
7791.612184517766,1.057676188482482
7791.642023469752,1.0591223349354655
7791.679322530866,1.0676570506693233
7791.716622004349,1.0523183536714364
7791.753921890208,1.0450586531114918
7791.783762095811,1.0452996684385714
7791.821062723964,1.0427849320723621
7791.85789749896,1.0471346170444997
7791.887738624201,1.0547618770826779
7791.92504040192,1.0598488153935595
7791.962342592052,1.069340831753176
7791.992184641097,1.072946574685921
7792.029487573587,1.084646379691399
7792.066790918506,1.0757510432991535
7792.104094675862,1.0702072541043588
7792.133937978708,1.081929578681142
7792.171242478467,1.083995162312021
7792.20854739068,1.0687331167982816
7792.238391617424,1.060710377878908
7792.275697272075,1.0739312672245098
7792.313003339198,1.0948068320871465
7792.350309818799,1.0998834814636382
7792.380155299469,1.0923619689837847
7792.417462521552,1.083615153937459
7792.454770156131,1.0909154905215814
7792.484616560797,1.0966131078363988
7792.521924937886,1.097089615162971
7792.559233727492,1.0971878306181468
7792.596542929621,1.0967468318211944
7792.626390588344,1.0874402457100865
7792.663700533028,1.0889733650718088
7792.701010890253,1.0896668904934843
7792.730859473066,1.08701786472418
7792.76817057288,1.074391034337633
7792.805482085251,1.0660542606496823
7792.835331592193,1.0705064966139093
7792.872643847186,1.0749160709457044
7792.909490103865,1.0733659218792981
7792.946803178857,1.0843259861278687
7792.976653935918,1.0997616420268825
7793.013967753577,1.103837208648322
7793.051281983838,1.1178610480187074
7793.081133665121,1.1424226382131728
7793.118448638079,1.1459580485654437
7793.155764023656,1.1138788837352402
7793.193079821859,1.1014337118002213
7793.222932757513,1.1109205545219865
7793.260249298457,1.1114130642614777
7793.297566252044,1.1211419436918337
7793.327420112022,1.1255019008278435
7793.364737808382,1.1420232940852404
7793.402055917405,1.1345525758457569
7793.431910701744,1.1303631568617465
7793.469229553575,1.1337057585280625
7793.5065488180835,1.118950337139706
7793.543868495278,1.0950036429527754
7793.573724534173,1.090784007157573
7793.6110449542175,1.0662490387552213
7793.648365786969,1.0550689818150472
7793.678222750319,1.0558222862894138
7793.715544325954,1.056890181212905
7793.752866314309,1.0521656076785288
7793.790188715394,1.0434127713321921
7793.82004693343,1.0396032843959304
7793.857370077443,1.0473033227249702
7793.894693634202,1.068908407939235
7793.924552776792,1.1001192405507385
7793.961877076511,1.105141251617158
7793.99873522754,1.105443098859679
7794.036060347637,1.0954361740038863
7794.065920740913,1.0768293883940843
7794.103246604012,1.0517297571928135
7794.140572879903,1.03909747379441
7794.1704341978275,1.0390889111027206
7794.207761216753,1.0414655535626969
7794.245088648486,1.0593114247172808
7794.274950891099,1.0680675317519057
7794.312279065902,1.0756188266054487
7794.349607653531,1.0685696758348069
7794.386936653991,1.0610141511943312
7794.416800151601,1.0692234716321667
7794.454129895175,1.0795653991382546
7794.4914600516,1.0791668813450195
7794.521324473995,1.0713620305348563
7794.558655373566,1.0598239709963873
7794.595986686004,1.072147631385152
7794.633318411316,1.0896593981685088
7794.663184088842,1.1008101497075418
7794.700516557345,1.0855913261935348
7794.73784943874,1.0778479887382362
7794.767716041144,1.0790043731473362
7794.805049665763,1.0862659160667214
7794.842383703292,1.0888145458829819
7794.872251230617,1.0974999394752698
7794.909586011402,1.1010300850659687
7794.946921205115,1.0927337269700073
7794.984256811765,1.0764744312261794
7795.014125594401,1.0795086491170123
7795.050995237429,1.0817803390431837
7795.08833199517,1.0856313215684625
7795.11820169869,1.0941729555419766
7795.1555391997645,1.091385822839925
7795.192877113809,1.0740602420518643
7795.230215440831,1.074473589330756
7795.260086399796,1.0755722918243835
7795.297425470194,1.0796631480843986
7795.33476495359,1.06216495178338
7795.364636837668,1.045528919537385
7795.401977064469,1.0228347299643288
7795.439317704286,1.0322364014541308
7795.476658757124,1.0684487815105201
7795.5065318967745,1.0876192657279173
7795.543873693067,1.0958489165690464
7795.581215902394,1.1027633246465707
7795.611089967251,1.1031707452024921
7795.6484329200675,1.0807899814166329
7795.685776285939,1.0664130283772244
7795.715651276041,1.0581962932797402
7795.752995385433,1.0549435465426156
7795.790339907898,1.0546178513850464
7795.827684843446,1.0531294542942764
7795.857561089304,1.0496373841859115
7795.894906768414,1.0616123438541485
7795.932252860624,1.0716119650326978
7795.962130031827,1.0729288574586608
7795.999476867631,1.0769136573690026
7796.036824116552,1.090134336778931
7796.074171778598,1.0873394224154476
7796.104050205688,1.0732904709529356
7796.140931753753,1.0613465479998445
7796.178280567416,1.056225422703344
7796.208159915814,1.053953899754376
7796.245509473149,1.0495293612462175
7796.282859443641,1.053478452941038
7796.312739717518,1.068623033647658
7796.350090431717,1.087252313377675
7796.387441559095,1.0925257163926494
7796.424793099655,1.0947477143182351
7796.454674629604,1.0896665219397397
7796.492026913915,1.083757954702342
7796.52937961143,1.0787377558189877
7796.55926206695,1.0727270525098715
7796.596615508245,1.0670918854222888
7796.6339693627615,1.0769922189345433
7796.671323630505,1.0779135687486008
7796.701207342229,1.0613313556369932
7796.738562353797,1.0566747328554809
7796.775917778611,1.0595362003324007
7796.805802416005,1.0732951941738647
7796.843158584677,1.0925550229500196
7796.880515166613,1.086875283437668
7796.917872161819,1.0901057320454435
7796.947758055543,1.0871201001021258
7796.985115794654,1.0734397787607788
7797.022473947051,1.064521271861147
7797.052360766539,1.057524233381563
7797.089719662872,1.0625032957636558
7797.12707897251,1.0720176626384352
7797.156966717807,1.085697311446058
7797.193859768191,1.0973312337446295
7797.231220229956,1.1012783870962781
7797.268581105051,1.1079854234504931
7797.298470102728,1.1158547774176908
7797.335831721835,1.1183196995492999
7797.373193754292,1.1046494000221283
7797.403083677872,1.0935782577866524
7797.44044645437,1.0961183803767198
7797.477809644239,1.0902793920021971
7797.515173247479,1.0696130030476934
7797.545064427705,1.0588933773957152
7797.582428775033,1.062345032987553
7797.619793535756,1.056047661230435
7797.649685641979,1.052123612225667
7797.687051146822,1.0551586591255098
7797.724417065074,1.0561506073133067
7797.754310097333,1.0616199332837353
7797.791676759741,1.0554752459502152
7797.829043835575,1.052793933816082
7797.866411324843,1.0584218235277385
7797.896305613934,1.0674432523369222
7797.933673847401,1.074675837253231
7797.971042494321,1.0834950702484285
7798.000937709547,1.0960370647081858
7798.038307100695,1.1030236461525103
7798.075676905318,1.1062821420225346
7798.113047123414,1.0979039842752896
7798.1429435956015,1.08882272532762
7798.180314557975,1.0887464557940851
7798.2176859338415,1.0904550996682432
7798.247583332257,1.0964124211833703
7798.284488298379,1.0859032059193
7798.3218608269,1.0640628726979577
7798.35923376894,1.061909333504238
7798.3891324203105,1.0613990580224923
7798.426506106704,1.0639506401299328
7798.463880206631,1.0701485975222704
7798.493779784327,1.0755042120840455
7798.531154628642,1.0644866605624612
7798.568529886513,1.0547555453834931
7798.598430390573,1.072285718993356
7798.63580639286,1.0860389472328642
7798.673182808723,1.0761227295300007
7798.710559638166,1.0783056176372097
7798.740461399501,1.0757125462225907
7798.777838973406,1.0711347358858916
7798.815216960908,1.0588234467576645
7798.845119648708,1.0623871235510693
7798.882498380704,1.0637275566973716
7798.919877526318,1.068143028499912
7798.957257085554,1.0596357333262636
7798.987161030758,1.0496480462550921
7799.024541334534,1.0516632600294828
7799.061922051951,1.0669441907680945
7799.091826923712,1.0804120325612816
7799.129208385699,1.0903930083671107
7799.166590261347,1.0802733090145291
7799.196496059704,1.0636134304812401
7799.233878679956,1.0561839965243804
7799.271261713886,1.0566271300378283
7799.3086451615,1.0688759692061125
7799.338084917662,1.0764050031696888
7799.375469104753,1.0659037078188331
7799.412853705547,1.0410215900003905
7799.442761684051,1.029134105662812
7799.480147029524,1.0416824043770776
7799.517532788718,1.0600489400380777
7799.55491896164,1.0537598099783065
7799.584828197865,1.0437197075794296
7799.622215115509,1.0333307877933058
7799.659602446901,1.0359290680057822
7799.689512609915,1.0362637809985464
7799.726900686063,1.0266149902245456
7799.764289175975,1.032125200778299
7799.801678079655,1.0273551181247573
7799.831589500521,1.0187900339752285
7799.868979149004,1.0227971885269045
7799.906369211277,1.0293809631752326
7799.936281559024,1.0241582316563085
7799.973672366131,1.034559933161042
7800.011063587042,1.0595303341839957
7800.040976861716,1.0653662198788525
7800.078368827494,1.0509797519823738
7800.115761207098,1.0468501874788132
7800.153154000533,1.0508906816166619
7800.183068533243,1.0487418108745434
7800.220462071589,1.0378810367630524
7800.257856023782,1.0286899118916002
7800.287771483513,1.0293664389074162
7800.325166180653,1.037031070626559
7800.362561291658,1.050929599551016
7800.3999568165345,1.0603030583207398
7800.429406083679,1.0489110072959273
7800.466802348372,1.0430331745281776
7800.5041990269565,1.0354248744838728
7800.534116667832,1.0325508772499108
7800.571514091439,1.0430702013980246
7800.608911928955,1.0613453947627867
7800.638830496987,1.0577446100816863
7800.676229079558,1.0475921719586934
7800.713628076055,1.0167980596946802
7800.751027486488,0.9927751546467425
7800.780947312869,0.9849871557237395
7800.8183474684,1.0188265436018635
7800.855748037882,1.0690848397558512
7800.88566879152,1.0924249640486863
7800.923070106133,1.0921811166478743
7800.960471834716,1.0698176120843417
7800.997873977278,1.0543591115137916
7801.027795989395,1.0619337114399245
7801.065198877132,1.068460379098125
7801.102602178862,1.063894492288154
7801.132525118329,1.0624028436683202
7801.169929165268,1.061549076323106
7801.207333626221,1.0647665325993079
7801.244738501195,1.0511755248938068
7801.27466269927,1.0502226530386074
7801.312068319496,1.0572772856865689
7801.349474353759,1.0733247966170756
7801.379399479281,1.07845276392591
7801.416806258828,1.0798141725919117
7801.454213452434,1.078506164224676
7801.483671908824,1.0753897771087808
7801.521079842571,1.0721679115658649
7801.558488190392,1.074109134282896
7801.595896952293,1.0747757193942078
7801.625824259956,1.061020638180626
7801.663233767218,1.0638047832801862
7801.70064368858,1.0789906930116477
7801.730571923827,1.0796936555507461
7801.7679825905825,1.076923726327535
7801.805393671456,1.0848187873545574
7801.842805166452,1.094763902868748
7801.872734660623,1.0800164043245553
7801.91014690106,1.0643776970173147
7801.947559555638,1.0442936923863166
7801.977489977486,1.0503833641286735
7802.014903377536,1.0501062337634923
7802.052317191746,1.0411423556387043
7802.082248541312,1.0282754375534544
7802.119663101024,1.026988466836655
7802.157078074916,1.0308084388708476
7802.194493462994,1.0370949273582435
7802.224426071672,1.0422744956193606
7802.261842205296,1.0586542820023273
7802.299258753124,1.055275448139373
7802.329192289618,1.0487872780235012
7802.366609583027,1.0540666765574862
7802.404027290658,1.052100012692394
7802.441445412514,1.0538574151241804
7802.471380208249,1.049351585808741
7802.508799075732,1.046269434430257
7802.546218357462,1.0635371807776466
7802.575686333384,1.0654216050880274
7802.613106355594,1.054807091723464
7802.650526792067,1.0537150041866052
7802.687947642809,1.0571424765687996
7802.717884621684,1.052258486498212
7802.755306218131,1.0322985603664168
7802.792728228866,1.0229538871577981
7802.822666135743,1.0240947397531275
7802.860088892214,1.0249646704597855
7802.897512062989,1.0204456547915346
7802.927450897916,1.0317881805716091
7802.964874814461,1.0392627269921373
7803.002299145329,1.0290022540571309
7803.039723890531,1.0278334016684954
7803.069663985015,1.0298776230370137
7803.107089476029,1.0426472225690209
7803.144515381389,1.0610194084124405
7803.174456404016,1.0692505918767308
7803.211883055224,1.0659876654928466
7803.249310120798,1.0648006575949187
7803.286737600749,1.070646578046742
7803.316679883062,1.0700645065055434
7803.354108108901,1.0716573321219323
7803.391536749134,1.0528404550386823
7803.421479959684,1.0489233596930867
7803.458909345839,1.048629087053168
7803.496339146403,1.0374734697699204
7803.533769361385,1.0408081349840752
7803.563713831755,1.0433154922625392
7803.601144792701,1.0511760115543753
7803.638108273336,1.0506142680574835
7803.668053667896,1.045679107529246
7803.705485784098,1.0351804233458017
7803.742918314753,1.0298280817327792
7803.77286463769,1.0340458719567425
7803.810297914378,1.0403810428139808
7803.847731605536,1.0493125078875003
7803.885165711173,1.055782597940805
7803.915113294112,1.0750442380110068
7803.952548145827,1.076535074464323
7803.989983412037,1.0549269897183406
7804.019931923444,1.0397422695809015
7804.057367935764,1.0394047190412017
7804.094804362598,1.0277070861422055
7804.132241203953,1.021568910598678
7804.162190975495,1.0350242512187497
7804.199628563002,1.034043941257319
7804.23706656505,1.0386073856331894
7804.267017265161,1.0479833489088732
7804.304456013394,1.0693879601483833
7804.341895176185,1.0738104208948975
7804.371846804905,1.0628585569584714
7804.409286713914,1.0460633996079303
7804.4467270375,1.0515573047864004
7804.484167775667,1.0431955428260367
7804.514120664704,1.0360580483413606
7804.551562149135,1.030428740925048
7804.589004048167,1.0399139255215766
7804.618957865907,1.0428394928429061
7804.656400511235,1.033700042962796
7804.693843571182,1.0317655373254433
7804.73081899976,1.0466514994747265
7804.760774073806,1.0559168984713643
7804.798218289535,1.0556754745160588
7804.835662919906,1.0674768546087785
7804.865618922749,1.0680757962335814
7804.903064299495,1.0752348196892025
7804.940510090902,1.0862873870486616
7804.977956296975,1.0730509104126582
7805.007913560397,1.0608028807735663
7805.04536051289,1.0433174716274018
7805.082807880068,1.0325117982385257
7805.112766072389,1.0255858420301736
7805.150214186018,1.0126964261797404
7805.187662714348,1.0084644408488712
7805.217621835604,1.0139025692646761
7805.255071110422,1.0273239350816799
7805.292520799961,1.0372176599546228
7805.329970904226,1.054359202458622
7805.359931286248,1.0455873373243636
7805.397382137043,1.0236770986655794
7805.434833402584,1.0141002947157138
7805.464794713639,1.0059916246990193
7805.502246725741,1.002189320010315
7805.539699152609,1.0085116081149565
7805.577151994248,1.009422189235001
7805.6071145662,1.0140991899154694
7805.644568154442,1.023068457474541
7805.682022157477,1.02066578877164
7805.711985658557,1.0251119876114045
7805.749440408229,1.0332827894079681
7805.786427380592,1.0489257784839308
7805.816391806694,1.0522641218567987
7805.85384771266,1.0613467414554645
7805.89130403345,1.0604552817226947
7805.928760769076,1.0682472094087405
7805.958726456258,1.0683426158606704
7805.996183938598,1.0791041026588342
7806.033641835787,1.0867756030813134
7806.063608452236,1.0731165581403395
7806.101067096174,1.0417734253237572
7806.138526154982,1.0198172394829077
7806.175985628664,1.0306803102908622
7806.205953506324,1.0421580394269345
7806.243413726798,1.0546843442672817
7806.280874362167,1.0664556785396249
7806.310843169191,1.0716927594459087
7806.348304551382,1.0821230892445788
7806.385766348491,1.0813018689912948
7806.423228560513,1.0742450898050506
7806.45319862888,1.068960768070429
7806.490661587774,1.0737299777945823
7806.528124961603,1.0701978507887784
7806.558095959427,1.0612391333188465
7806.59556008016,1.0632119819106025
7806.633024615849,1.0634247229924705
7806.662996543169,1.0656484890440783
7806.700461825792,1.076041881801398
7806.73792752339,1.0764187007717758
7806.775393635964,1.0785995014443197
7806.805366824814,1.0709604793926506
7806.842365346064,1.051440313892701
7806.87983261543,1.027936950114755
7806.909806729725,1.0325001907139948
7806.947274746104,1.0371583337723487
7806.984743177498,1.0379038409140195
7807.022212023914,1.0385058013945603
7807.052187399868,1.0364430872767874
7807.089656993341,1.043614876883638
7807.127127001856,1.0397074060429976
7807.157103307501,1.0441272206793726
7807.194574063105,1.0570492369275324
7807.232045233767,1.0728905537771758
7807.262022469145,1.0671368557551917
7807.29949438693,1.0472209428046797
7807.336966719793,1.0355424575215562
7807.37443946774,1.0272454721444777
7807.404417964961,1.0394620663674776
7807.441891460075,1.037804057589556
7807.479365370289,1.0337533241106125
7807.509344797338,1.0393102190120933
7807.546819454753,1.0495321968624558
7807.584294527288,1.0451064140550583
7807.621770014951,1.0399308145287467
7807.651750703974,1.027615689440808
7807.68922693888,1.0236896969926694
7807.726703588932,1.0290036411665986
7807.756685207881,1.0261504184799566
7807.794162605208,1.0437373217109986
7807.831640417698,1.0637422655304463
7807.869118645358,1.0618057728714254
7807.899101526414,1.040171552558584
7807.936112011646,1.0232059513724425
7807.973591396625,1.023199829754147
7808.003575203549,1.0264361437522476
7808.041055335884,1.0341404580816786
7808.078535883423,1.0517699302694254
7808.108520620409,1.046291592283919
7808.146001915337,1.0331028245632063
7808.183483625488,1.028724045014707
7808.22096575087,1.0218255003723289
7808.250951750146,1.0208957162863943
7808.288434622961,1.0156166779514697
7808.325917911024,1.0143647423301128
7808.355904840458,1.024456209730241
7808.393388875983,1.0230356976395023
7808.430873326778,1.013121095691547
7808.468358192848,1.0217805214949602
7808.498346384704,1.0304460009612864
7808.53583199828,1.021248048328881
7808.573318027149,1.0231295244548606
7808.603307149259,1.0328894262512789
7808.640793925672,1.0325730846518406
7808.678281117392,1.0115787977420296
7808.708271169796,1.001405980610361
7808.7457591090915,0.9971240342628551
7808.783247463717,0.9952684171435371
7808.820736233676,1.010793866646164
7808.850727548687,1.0323280799287349
7808.888217066266,1.048070586346236
7808.925706999197,1.0376162154252444
7808.955699244603,1.0235112564251347
7808.992721289114,1.0140145631040878
7809.030212379877,1.0121679243999337
7809.067703886019,1.0032728145626308
7809.097697390006,1.0162665755808875
7809.135189643844,1.032926750587251
7809.172682313076,1.0543896922234945
7809.202676747554,1.060455552422944
7809.240170164515,1.052012490953023
7809.27766399689,1.0415069695217665
7809.315158244688,1.0246930720199243
7809.345153942035,1.025524028168549
7809.382648937606,1.035152419125287
7809.420144348616,1.0339031657689854
7809.450140976544,1.027211663206154
7809.487637135363,1.0266230388340882
7809.525133709637,1.0333887406258304
7809.555131268189,1.024980990611477
7809.592628590302,1.0025110875317207
7809.630126327893,1.001683301529895
7809.667624480965,0.9919847886371358
7809.6976233025725,0.981919153293991
7809.7351222035295,0.9988963254185643
7809.772621519985,1.0202882052703162
7809.802621272315,1.0279977269207212
7809.840121336689,1.027157864422243
7809.877621816579,1.0192117359947865
7809.915122711996,1.018497782771032
7809.945123727512,1.0186450730299077
7809.98262537089,1.0211485967221676
7810.02012742981,1.0288443089549746
7810.050129376144,1.0307353379144397
7810.087163395409,1.0270522751263822
7810.124666612691,1.0331809721687621
7810.154669485727,1.0438940849688931
7810.192173451038,1.043041856399257
7810.229677831928,1.0431285142019817
7810.267182628404,1.032625162535035
7810.297186764809,1.0301077856049163
7810.334692309358,1.0267035078407185
7810.372198269512,1.0204768956397559
7810.402203336871,1.009945052896156
7810.439710045129,1.0012567001596593
7810.477217169009,1.0019943457339104
7810.514724708518,1.0252761193613713
7810.544731039383,1.0316366728189459
7810.58223932704,1.0283182325824136
7810.619748030346,1.0159618306807867
7810.649755292261,1.0121617173742263
7810.687264743749,1.0176190284189022
7810.724774610901,1.0059155455602147
7810.762284893728,1.0037659925319
7810.792293419277,1.0064326626513513
7810.829804450329,1.0162950295397575
7810.867315897073,1.013187649258305
7810.897325353768,1.0086327751671906
7810.93483754877,1.0206582060637819
7810.972350159482,1.05024363495465
7811.002360547366,1.0629063688545626
7811.039873906369,1.0549577085553146
7811.0773876811,1.0331136701236339
7811.114901871564,1.0357642056660685
7811.144444589164,1.0298027189731374
7811.18195952277,1.0303477798267286
7811.219474872125,1.0228648561957923
7811.249487450957,1.0300531965774642
7811.287003548682,1.0435773142763471
7811.324520062178,1.05185540269848
7811.3620369914515,1.0480484519729902
7811.3920508342335,1.0437119951048628
7811.42956851192,1.0283341515746613
7811.4670866054,1.0244602883706948
7811.497101379564,1.0174741394740474
7811.534620221493,1.020122207685277
7811.572139479235,1.0170991596251535
7811.602155184817,1.0169239953306348
7811.639675191041,1.0181755066830571
7811.677195613094,1.0193130364949066
7811.714716450985,1.0193096261680035
7811.744733420705,1.0094537228338833
7811.782255007122,1.0036397221202438
7811.819777009395,1.0093074621604146
7811.849794910634,1.0053973129553124
7811.887317661465,1.0110406362353273
7811.924840828168,1.0187282954502277
7811.962364410752,1.0283307180637706
7811.992383576261,1.0392071423733515
7812.029907907448,1.0386354537206872
7812.067432654534,1.0280643570512624
7812.097452751656,1.0248282114904452
7812.134978247379,1.0134366217565176
7812.172504159018,1.0122313498199964
7812.210030486581,1.014458973096796
7812.23958276228,1.014363979522139
7812.277109833326,1.0200580538803083
7812.314637320313,1.017547331147315
7812.344659609383,1.0188446822561967
7812.382187845081,1.0076323602952735
7812.419716496742,0.992393715911358
7812.449739717563,0.9985119783480059
7812.487269117968,0.9992354274874249
7812.524798934352,0.9882758132690059
7812.562329166721,1.0034751687373709
7812.59235365213,1.0056365898399877
7812.629884633287,0.9947431670821714
7812.66741603045,1.0007509500630911
7812.697441447708,1.0130066590196691
7812.734973593693,1.0252691928465416
7812.772506155699,1.019207606223722
7812.810039133734,1.018859819812816
7812.840065815708,1.0096429152312494
7812.877599542611,1.0025271592573897
7812.915133685561,1.0137061038074222
7812.945161299479,1.027549479964383
7812.9826961913295,1.0306612454614144
7813.020231499245,1.029922156909165
7813.050260045147,1.0175286979186564
7813.087796101996,1.0128581033279636
7813.125332574928,1.022844394632479
7813.162869463949,1.0169884190568375
7813.192899274756,1.0045536752405857
7813.230436912754,1.0014303968324316
7813.267974966863,1.0131285478478886
7813.297536477347,1.0231488956512653
7813.335075275262,1.0155888496114167
7813.372614489305,1.0193359206021289
7813.410154119482,1.0289169768122037
7813.440186123244,1.0327707208716925
7813.477726502476,1.0274168673907171
7813.515267297857,1.0263736113323694
7813.545300233796,1.0202370012584354
7813.582841778268,1.0171915249296661
7813.620383738909,1.0039887151319722
7813.657926115724,0.9987108211211952
7813.687960316829,1.0011087134055559
7813.725503442778,0.9999766969234882
7813.763046984922,1.0013478609107358
7813.7930821183,1.006208921235753
7813.83062640961,0.9993307241829756
7813.868171117133,0.9983029484362989
7813.898207182828,1.0023538879239855
7813.935752639548,0.9959389362389803
7813.9732985125,0.9874751954420846
7814.010844801688,0.9905346339076313
7814.040882132736,0.9858572405006574
7814.078429171168,0.9818223630021086
7814.115976625855,0.9829042942776298
7814.146014889314,0.9696661914141174
7814.183563093279,0.9386129039053488
7814.221111713517,0.9502032595043308
7814.258660750037,0.9623828553275375
7814.288700278978,0.9714380526745037
7814.32625006482,0.9729250315615283
7814.363800266959,0.978992983973137
7814.393371344148,0.9835673153517797
7814.430922290438,0.9868645624208889
7814.468473653044,1.001852643932718
7814.49851504288,1.0142166622187423
7814.536067154874,1.020848046515738
7814.573619683201,1.0035148811659382
7814.611172627871,0.9898080259725321
7814.641215283379,0.9948003596681974
7814.678768977479,1.0114089449753152
7814.716323087941,1.0185580184780796
7814.746366676094,1.0201263822016307
7814.78392153602,1.0092954316295104
7814.821476812324,1.0072992577667723
7814.859032505014,1.010579530525377
7814.8890773589665,1.0159012805984062
7814.926633801166,1.0098917066763313
7814.964190659767,1.008099840506594
7814.994236446462,1.0218473035738187
7815.0317940546065,1.0203693402834124
7815.069352079172,1.0085759445826463
7815.106910520167,1.0115774251920011
7815.136957572793,1.0124961682258253
7815.174516763373,1.0192668538148246
7815.212076370401,1.014536875742348
7815.242124355867,1.0071598439751523
7815.279684712513,1.0039297956442454
7815.317245485625,0.9991684161002354
7815.347294403973,1.010308665848235
7815.384855926737,1.0055591881826065
7815.422417865984,1.0037820839218874
7815.459510689703,0.9979783463165837
7815.489560870004,0.9782515642265095
7815.527123970231,0.9525373045048513
7815.564687486965,0.9512366761904631
7815.594738600245,0.9663898488076781
7815.632302866711,0.9720375982956697
7815.669867549702,0.9759534288950966
7815.707432649226,0.9711483055563521
7815.737485028754,0.9783338599648415
7815.775050878054,0.9893553332205924
7815.812617143904,0.9900755810881521
7815.842670456504,0.9974969641751592
7815.880237472162,0.9901113398348846
7815.91780490439,0.9787228635390022
7815.947859150106,0.9781504472331435
7815.985427332173,0.9826357225438307
7816.022995930829,0.9882544526600217
7816.06056494608,0.9740727025206897
7816.090620458232,0.9684087972939257
7816.128190223368,0.962555960721817
7816.165760405113,0.9692504759333909
7816.195816850478,0.973314154663272
7816.233387782145,0.9695320000925516
7816.270959130442,0.9754421279240413
7816.308530895376,0.9735384940863121
7816.338588607307,0.9672865806677589
7816.376161122204,0.9780135170363522
7816.413734053757,0.9767273724175762
7816.443792698996,0.9952619958324487
7816.481366380545,1.0157372818585437
7816.51894047877,1.031414038304583
7816.556045309667,1.037897534726397
7816.586105217436,1.0440335145612907
7816.623680477172,1.0302362565608336
7816.661256153607,1.0098558229492376
7816.69131699478,1.002165882404939
7816.72889342129,0.99977855353047
7816.766470264516,0.9981961543932982
7816.796532039138,0.986649914134546
7816.83410963247,0.9839545319526102
7816.871687642537,0.9893727599743787
7816.909266069346,1.0094793508330824
7816.939329110854,1.0122992096984254
7816.976908287816,0.9977470052931483
7817.014487881536,0.9865296919159761
7817.044551856585,0.988098693239579
7817.08213220049,0.9831913521824596
7817.119712961175,0.9860473981273881
7817.157294138645,0.9869404993415578
7817.187359380709,0.9838146314306067
7817.224941308409,0.9829893726658561
7817.262523652911,0.9979616909864804
7817.292589828616,0.9943714736960914
7817.330172923379,0.982763660391271
7817.367756434965,0.9842878225794114
7817.397823544351,0.986581159498392
7817.435407806232,0.9736840117678829
7817.4729924849535,0.9645585975888906
7817.510577580521,0.9481656940099528
7817.54064595711,0.9493653152284081
7817.578231803018,0.960875862626291
7817.615348234933,0.9669657747406166
7817.645417541132,0.9714573018122941
7817.683004549066,0.9761952200280759
7817.720591973884,0.9756856603351136
7817.758179815592,0.9770139343139341
7817.788250389123,0.9624008941460471
7817.825838981249,0.9592416836425144
7817.863427990283,0.9597863335543184
7817.893499497686,0.9628484070002759
7817.931089257171,0.9618303150862484
7817.968679433582,0.970271835448991
7818.006270026926,0.9836548183944813
7818.036342801795,0.9829869218387568
7818.073934145635,0.9760551136268127
7818.111525906424,0.9662275222249117
7818.141599615266,0.9501774312132247
7818.179192126586,0.9434095043568211
7818.216785054873,0.9413511993635502
7818.246859697727,0.9523843236648062
7818.284453376576,0.962425867315448
7818.322047472415,0.9593560611772396
7818.359641985246,0.9454453877048208
7818.389717895751,0.9460840405923143
7818.42731315919,0.9585059653151393
7818.464908839641,0.9604087816592033
7818.494985684256,0.9580778238009742
7818.532582115346,0.9503457389208365
7818.570178963467,0.956883970736613
7818.607776228627,0.9711231454890672
7818.637854341025,0.9638567319958311
7818.675452356868,0.947529652804403
7818.712580806782,0.9469790384214993
7818.742659849215,0.9589457886839412
7818.780259027619,0.9651400635314016
7818.817858623096,0.9635418368152517
7818.847938599776,0.9641898117358476
7818.885538946003,0.986575883849846
7818.923139709322,0.9953788466078421
7818.960740889741,0.9991646587115997
7818.990822134391,1.0129024739723587
7819.0284240656065,1.014756358689185
7819.066026413936,1.0033672020086606
7819.096108592929,0.9932482774107583
7819.1337116920895,0.9894507677042712
7819.171315208384,1.0087571354344793
7819.208919141821,1.0058345560004143
7819.239002588917,0.9929042159994059
7819.2766072732275,0.9840946432131328
7819.3142123746975,0.9734290180848106
7819.344296756234,0.9721129676986708
7819.381902608609,0.9690259687613523
7819.419508878165,0.9653687955514603
7819.4571155649055,0.9837667170803035
7819.487201214676,0.9938815440472277
7819.524808652367,0.9768574569873378
7819.562416507262,0.9553449733467523
7819.59250309157,0.9437043211617617
7819.63011169745,0.9468027515813229
7819.667720720549,0.9449083870288271
7819.697808239434,0.9460130854946036
7819.735418013553,0.9598507885158445
7819.772558074943,0.9846020432459801
7819.810168678333,1.0006623173740372
7819.840257461467,0.9948406564374954
7819.877868815918,0.9850890067196196
7819.915480587636,0.9744399371075316
7819.945570305442,0.9817068229887767
7819.983182828253,0.9833267991635934
7820.020795768348,0.9773966731871295
7820.058409125733,0.9664702232621882
7820.088500112093,0.9730857744182249
7820.126114220618,0.9902421980516469
7820.163728746451,0.9984659152380218
7820.193820667584,1.0143025422348717
7820.231435944588,1.03044089970218
7820.269051638919,1.032028797921933
7820.306667750585,1.0216093723295798
7820.336760940403,1.0150145873993033
7820.374377803286,1.002430240103391
7820.411995083519,0.9972109729238552
7820.442089208204,1.000539536625917
7820.47970723969,0.9936479124707143
7820.517325688545,0.9953638643406433
7820.547420748138,0.9829648223821483
7820.585039948277,0.9701032838758239
7820.6226595658045,0.9720028277801842
7820.660279600725,0.9654640078199368
7820.690375929191,0.95922953041731
7820.727996715441,0.9611763220452372
7820.765617919104,0.9579885365768268
7820.795715182579,0.9616368951624386
7820.833337137603,0.9639177530565979
7820.870489227826,0.964028626354335
7820.908112012503,0.9660351991347536
7820.938210540804,0.9773191355924842
7820.975834076887,0.9816412857596515
7821.0134580304275,0.9902404378767478
7821.043557493832,0.9989731635013097
7821.08118219881,1.0126200396938017
7821.1188073212625,1.018045510106515
7821.148907719813,1.008244315119921
7821.186533593737,0.9914415399160967
7821.224159885157,0.975346277792086
7821.261786594075,0.9601463235241321
7821.291888261813,0.9666569831270055
7821.329515722249,0.9723677552356822
7821.367143600203,0.969814885682047
7821.397246203184,0.9641325629679689
7821.434874832687,0.966994473857042
7821.472503879727,0.9727828403194472
7821.510133344311,0.9680103258897355
7821.540237216615,0.9647804346076019
7821.577867432793,0.9708881785851442
7821.615498066533,0.9693303687461232
7821.645602874174,0.9632650323961607
7821.683234259542,0.9622551437880251
7821.720866062489,0.9616901563272702
7821.758498283024,0.9558564863620949
7821.788604360118,0.9548775634182474
7821.826237332327,0.9643142740845538
7821.863870722139,0.9776441782619727
7821.893977734668,0.9803736366955218
7821.931141446841,0.9672686386044342
7821.968776000762,0.9739875570794099
7821.99888394459,0.9906688898232692
7822.03651925025,1.010003035573549
7822.074154973552,1.007031839694725
7822.111791114501,0.9964887603591841
7822.141900327971,0.9895983821004894
7822.179537220704,0.9895942191352753
7822.217174531104,0.9784277497942548
7822.247284680149,0.9689753727539445
7822.284922742364,0.9591867198752158
7822.322561222266,0.9747694914939253
7822.360200119859,0.9872570338745386
7822.390311538676,0.9925266420135785
7822.42795118813,0.9933608789647432
7822.465591255293,0.9910945039587007
7822.49570360978,1.0003546259085458
7822.533344428839,1.0030514305350466
7822.570985665627,0.990408908617519
7822.601098955824,0.977804122020097
7822.63874094454,0.9727809448341884
7822.676383351,0.9774623862983758
7822.714026175216,0.9863147678235273
7822.744140735373,0.9730497460513485
7822.781784311561,0.9539625822371538
7822.819428305519,0.9719701458812915
7822.849543801486,0.9831868688000669
7822.88718854745,0.9845812730277883
7822.924833711205,0.9782993095826404
7822.962479292755,0.9722128268260142
7822.992596058814,0.9795841089616726
7823.029771810667,0.9923554404642922
7823.0674185568605,0.999573888258809
7823.097536254648,0.9973947156125484
7823.135183752925,0.989448981684709
7823.172831669035,0.9946344147976136
7823.210480002986,0.9868809584323706
7823.240598970995,0.9810444373838689
7823.278248057074,0.980563179493865
7823.3158975610095,0.9569122301111146
7823.346017465022,0.9415769222463115
7823.383667721121,0.9389482908449622
7823.421318395095,0.9433746350829642
7823.45143923515,0.9439907772406124
7823.48909066132,0.948977602871244
7823.526742505385,0.9330174493800454
7823.564394767352,0.9319406487614976
7823.594516877819,0.9295904389094574
7823.632169892024,0.9294422803085818
7823.66982332415,0.932035961147053
7823.699946370757,0.9367242363381993
7823.737600555156,0.9371832052878417
7823.77525515749,0.9368989124233393
7823.812910177773,0.9454885508917441
7823.843034494924,0.9551383585108681
7823.880690267523,0.9607303658028745
7823.918346458086,0.9659257950788569
7823.948471711472,0.9759743300207977
7823.986128654386,0.9754836137895342
7824.023786015281,0.9699011966072317
7824.053912204946,0.9720841007578989
7824.091099589231,0.9827173556205284
7824.128758115284,0.9917377267175107
7824.166417059345,0.9896028699142911
7824.196544515561,0.9928874848687559
7824.23420421205,1.0030196289587137
7824.271864326563,1.00098280503803
7824.301992719157,1.0029089163573714
7824.339653586131,0.9958080507168343
7824.377314871151,0.9926954667042185
7824.4149765742195,0.9956795567536361
7824.445106237676,0.9940415630176249
7824.482768693248,0.9854797894219016
7824.520431566894,0.9682897872246037
7824.550562166823,0.9652902607191689
7824.588225793006,0.9581028724069052
7824.625889837277,0.9497625727824823
7824.663554299638,0.9576805142130262
7824.693686170561,0.9493977523125627
7824.73135138551,0.9548537205875838
7824.769017018569,0.9543035804107736
7824.799149826061,0.960344161013067
7824.8368162117395,0.9586082680887849
7824.874483015548,0.955386066461769
7824.9046167596525,0.9545294278109979
7824.94228431611,0.9441241105005038
7824.979952290718,0.949165130555073
7825.017620683479,0.9614229091158784
7825.047755698766,0.9654401773529289
7825.085424844226,0.960450310130079
7825.123094407855,0.9632077377901982
7825.1532303598515,0.9619015517877798
7825.190429794678,0.9709327123594529
7825.228100524001,0.9690265987297522
7825.265771671525,0.9657982950175941
7825.295908890652,0.9742014727089148
7825.33358079095,0.9738768826786135
7825.371253109462,0.9746328491040499
7825.401391265395,0.974576349474342
7825.439064336715,0.9818696525479103
7825.476737826274,0.9704939379933417
7825.50687691905,0.9751119764507323
7825.544551161448,0.9860155197897027
7825.582225822098,0.9849784559921102
7825.619900901009,0.998309994734353
7825.650041265288,1.000923852251296
7825.687717097084,0.9997529542229493
7825.725393347158,0.9905955598896403
7825.755534648384,0.9857159164246001
7825.793211651375,0.9866873483166059
7825.830889072665,0.9920352977279325
7825.868566912257,1.0065291392825297
7825.898709485115,1.0108259674123665
7825.936388077671,0.9983804217622607
7825.974067088549,0.9828280641382978
7826.004210598448,0.9821688693393091
7826.041890362322,0.9922381072087496
7826.079570544539,0.9946387633756071
7826.1172511451,0.9886168191417832
7826.147395926762,0.9785722672918493
7826.185077280366,0.9663390498573412
7826.222759052336,0.9540086136605754
7826.252433742224,0.9566749311872533
7826.2901162620365,0.9836748244876308
7826.327799200233,1.0025801666888245
7826.357945852033,1.0060537478610798
7826.395629543336,0.9888524366294089
7826.433313653044,0.9848320469658864
7826.47099818116,0.9876004723622032
7826.501146104911,0.9785778832214858
7826.538831386179,0.9791183288968737
7826.576517085874,0.9912087871889943
7826.606665946903,1.003867948874588
7826.644352399784,1.0191597031578572
7826.682039271112,1.035165243530753
7826.719726560888,1.0288185643620313
7826.749876694003,1.0138373205922888
7826.787564737013,1.0020069459906256
7826.825253198494,0.9971182846708881
7826.855404268979,0.9923575948590653
7826.893093483724,0.9693108456832409
7826.930783116956,0.9519614519061079
7826.96093512486,0.9551129603100346
7826.998625511389,0.9737077030481835
7827.036316316427,0.9773608488486432
7827.074007539978,0.9693223556884272
7827.104160820155,0.9634547984258339
7827.141852797049,0.9504519341795137
7827.179545192474,0.926624904907364
7827.209699410162,0.9242928162211199
7827.247392558963,0.9221910733430714
7827.285086126315,0.91235268915312
7827.322308934818,0.9230989182281544
7827.352464420725,0.9492333983571088
7827.390159154823,0.9773975738912006
7827.427854307495,0.9775844700540133
7827.458010731012,0.9728001005392717
7827.495706637139,0.9744421088287183
7827.533402961861,0.9620393258931355
7827.571099705182,0.9546999982333617
7827.601257401236,0.9566431834665514
7827.638954898055,0.954877825212811
7827.676652813496,0.9602926272326904
7827.706811447256,0.9690379001029295
7827.744510116227,0.9811037465203067
7827.782209203835,0.9842857363519857
7827.812368775345,0.9709482227755175
7827.850068616519,0.9677418815488137
7827.887768876346,0.9667298055412015
7827.925469554837,0.966615459304419
7827.955630399072,0.9522347467496264
7827.993331831174,0.9460142398082927
7828.031033681956,0.9434946593800482
7828.061195464037,0.9419267312849393
7828.098898068461,0.9450007857989278
7828.136601091587,0.9545297283260277
7828.174304533419,0.964332545395699
7828.204467588354,0.9751982814272377
7828.242171783874,0.9831366686867404
7828.279876398117,0.9851155383336518
7828.310040390998,0.9903879023140223
7828.347745758962,0.9954166508749613
7828.385451545671,0.9862142262973022
7828.41514514743,0.9786348748140252
7828.452851682657,0.9718270323357532
7828.490558636646,0.9761183120403973
7828.528266009402,0.9716969391274206
7828.558432209125,0.958927330374616
7828.596140335679,0.9503138258891279
7828.6338488810225,0.9430466254037506
7828.664016018827,0.9497864015491557
7828.701725318002,0.9696593440880021
7828.73943503598,0.979049252041706
7828.77714517277,0.9878279313970761
7828.807313583753,0.9886131232824951
7828.845024474422,0.9750561285855777
7828.882735783919,0.9722764656050054
7828.912905133079,0.9660227954989222
7828.950617196488,0.9561483655268002
7828.988329678745,0.9637737405744262
7829.026042579857,0.9723760770133587
7829.056213202324,0.9730597354393962
7829.093926857393,0.9744655962671067
7829.131640931335,0.9784130380766698
7829.1618124920815,0.9883427673812224
7829.19952732001,0.9881319922193732
7829.237242566831,0.9791383825664124
7829.267415065895,0.9708851273783556
7829.30513106674,0.9653542100839723
7829.342847486494,0.9621971212945315
7829.3805643251635,0.9587886623309603
7829.410738097725,0.9699479560903126
7829.448455690463,0.9808871973254694
7829.485702224403,0.9756639235345024
7829.515876931191,0.9705156897322607
7829.553595691728,0.9665172820167731
7829.591314871219,0.9664261911173013
7829.629034469669,0.9724654141487787
7829.659210450086,0.9698412220579031
7829.696930802681,0.9781120469164939
7829.734651574256,0.9636175662972175
7829.764828493185,0.9542660528254769
7829.802550018937,0.955699658054302
7829.840271963687,0.9658880889766603
7829.870449821171,0.9707485151808215
7829.908172520133,0.9735368072542252
7829.945895638109,0.9830270256417872
7829.98361917511,1.0028407016675696
7830.01379830641,1.0145083654532028
7830.051522597668,1.0173903899137775
7830.089247307964,1.0009466462555958
7830.119427377916,0.986350152708358
7830.157152842503,0.9668507350580531
7830.19487872615,0.9598684118732961
7830.232605028862,0.962346142280569
7830.262786372764,0.9565989563071673
7830.300513429811,0.9599155780035598
7830.338240905942,0.9633921084927215
7830.368423188592,0.9621090126309839
7830.406151419091,0.9620001919916423
7830.443880068693,0.9706486016229323
7830.481609137406,0.9722417138138228
7830.511792694139,0.9747758477052353
7830.549522517264,0.9773559972954877
7830.586781128901,0.9884218529817776
7830.616965620289,1.0002550647358912
7830.654696611748,0.9939224906898301
7830.692428022355,0.9747038589408095
7830.722613452629,0.9591912871321433
7830.760345617717,0.949111598043263
7830.798078201965,0.9655222142272912
7830.8358112053875,0.9764851373901271
7830.865997909933,0.9810911158227251
7830.90373166788,0.9686003879236955
7830.941465845016,0.9510003794184554
7830.971653488545,0.9527029719353279
7831.00938842024,0.9598851214956352
7831.047123771142,0.9612741268417817
7831.08485954126,0.9802781210828593
7831.115048459192,0.9920232102077142
7831.152784983911,0.9860746080449714
7831.190521927865,0.9724266954483569
7831.220711784882,0.9770258889347401
7831.258449483468,0.9876056333399286
7831.2961876013105,0.993228272836145
7831.326378397451,1.0048116295666347
7831.364117269962,1.018303553483387
7831.4018565617425,1.0005955537771203
7831.4395962728,0.9725833308471215
7831.469788343529,0.9513387666438897
7831.507528809303,0.9529044411549263
7831.54526969437,0.9503540187014059
7831.575462704321,0.9435461228497966
7831.613204344137,0.9428336562600665
7831.65047462494,0.9590349985806268
7831.688217098147,0.9893409895566583
7831.71841137863,1.0127075421119496
7831.756154606631,1.0177325521325078
7831.79389825397,1.0116860204106812
7831.82409347377,1.0159716854276544
7831.861837875936,1.0272347303961482
7831.89958269746,1.0195598096509948
7831.937327938346,0.9999722741802988
7831.967524433002,0.984730522249704
7832.005270428761,0.9704650206379517
7832.043016843901,0.955886048586436
7832.073214277973,0.9550383988399678
7832.110961448018,0.9456473742730955
7832.148709037463,0.9542537519197467
7832.178907410993,0.9700815176162036
7832.216655755376,0.9820983541142652
7832.254404519181,0.9856966938172471
7832.292153702407,0.9889398367365072
7832.322353350982,0.9896300428362379
7832.360103289193,0.9943917863640639
7832.39785364685,0.9977184562574613
7832.428054234977,0.9989649236713181
7832.46580534765,0.9848296388641922
7832.503556879785,0.9848286019672865
7832.541308831389,0.9966100102661215
7832.571510694696,0.9978073588359455
7832.609263401359,0.9984551369554058
7832.647016527514,0.9985659877493334
7832.677219330472,0.9988261176392657
7832.714973211721,1.0052166418526072
7832.752255581126,1.0065853315420823
7832.782459319584,0.9997126522548458
7832.820214370223,0.9807566303514066
7832.857969840385,0.9719171144875374
7832.895725730079,0.9792148632582687
7832.925930743902,0.9961694154278031
7832.96368738877,1.006224942288897
7833.001444453187,0.999118467055804
7833.0316504068,1.0032743012880736
7833.069408226424,1.010539835808235
7833.107166465616,1.0008836032140553
7833.144925124383,0.9886963385224159
7833.175132353494,0.9872774163182436
7833.212891767511,0.986570273760111
7833.2506516011235,0.980990953366683
7833.280859770124,0.9815212179620152
7833.318620359019,0.9807162491515773
7833.356381367527,0.9724698158751894
7833.394142795655,0.9628328222992677
7833.424352240286,0.9526343229221885
7833.462114423741,0.9605397601039412
7833.499877026834,0.966075320692322
7833.530087411452,0.9724963400996318
7833.567850769909,0.9597644448679234
7833.605614548021,0.949774978502572
7833.635825872666,0.9467130754307536
7833.673590406174,0.937969664594476
7833.711355359357,0.9400517946397151
7833.74912073222,0.9402107004133227
7833.7793333326845,0.9499366380342895
7833.816627381795,0.9586634112260053
7833.854393924553,0.9633472656750599
7833.884607460945,0.9579504064686564
7833.922374759177,0.9644455918559813
7833.960142477126,0.9610536455284207
7833.997910614801,0.9762555146453851
7834.028125427145,0.9846237144655017
7834.065894320338,0.980938497209243
7834.103663633274,0.9769428478319053
7834.133879385844,0.9856051695169405
7834.1716494543325,1.0024245317602711
7834.209419942581,0.9876821096416164
7834.239636635415,0.9732690198285163
7834.277407879253,0.9630104308180221
7834.3151795428685,0.9644213105781414
7834.35295162627,0.986323690293265
7834.383169595244,0.9823872188063036
7834.420942434278,0.9728706964583438
7834.458715693118,0.963756093458795
7834.488934602451,0.9715653285451886
7834.526708616955,0.9948126396531094
7834.564483051284,1.0033615470340356
7834.602257905441,0.9950486204311664
7834.632478091047,0.9888660703894103
7834.670253700915,0.9798812345748869
7834.70802973063,0.96996581890636
7834.738250856699,0.9747502446357634
7834.776027642159,0.9891733745616749
7834.813804847483,0.9818999057809676
7834.851582472683,0.9618129788560008
7834.881804875156,0.9616949203529928
7834.91911102379,0.9488995803984759
7834.956889819423,0.9430788320704235
7834.987113158254,0.9550570058480035
7835.024892709706,0.9772325118738858
7835.062672681071,0.9735060471580315
7835.092896960501,0.9667143136453376
7835.13067768772,0.9637763120890284
7835.168458834869,0.9694783237593496
7835.206240401952,0.9705755625437829
7835.236465957975,0.9598878570263023
7835.274248280959,0.9453638313355133
7835.312031023897,0.9492996653065946
7835.342257520619,0.9541131270709822
7835.38004101949,0.9510838598821201
7835.417824938335,0.9481642427609487
7835.455609277157,0.9562431810517249
7835.485837050605,0.9586844558793144
7835.523622145407,0.9579406822503285
7835.561407660207,0.9637947502947788
7835.59163637445,0.970430004560636
7835.629422645261,0.9793004488141588
7835.66720933609,0.9875858430692555
7835.70499644694,0.9822333294094718
7835.7352264380415,0.9807191996745557
7835.77301430495,0.9743930886681091
7835.810802591901,0.953319269089413
7835.841033523894,0.9392303712115668
7835.878822566934,0.9318307534882044
7835.916612030034,0.9383545710020287
7835.946843902962,0.9490592489321854
7835.984161741853,0.9766200689896236
7836.021952375907,0.9909342801629657
7836.059743430043,0.9947048327592243
7836.089976575817,0.9880787738109762
7836.1277683861235,0.9803989145369145
7836.165560616533,0.9647784462070688
7836.195794703339,0.9558571388391488
7836.233587689951,0.9412568442550939
7836.271381096684,0.927208544974222
7836.309174923547,0.9186426483559451
7836.3394102875345,0.9205002300935148
7836.377204870644,0.9180115323970002
7836.4149998739,0.9090466818746414
7836.445236179017,0.9084406591494414
7836.483031938556,0.9298113467364422
7836.52082811826,0.9494127347108896
7836.551065364546,0.9570062600224347
7836.588862300565,0.9532374214179682
7836.626659656768,0.9417713377367933
7836.664457433161,0.9520585041987009
7836.694695956817,0.9755870317728952
7836.73249448957,0.9779259095578345
7836.7702934425315,0.9629525362234419
7836.800532907458,0.9669364636840094
7836.838332616812,0.9779047309390978
7836.876132746395,0.9705688270849362
7836.913933296212,0.9606259233115446
7836.94417403864,0.9626164321108759
7836.981975344896,0.9640755314365876
7837.019777071404,0.9617901064980912
7837.050018755199,0.9664198396446335
7837.087348704548,0.9701982196517991
7837.125151602545,0.9705409167763717
7837.162954920822,0.9771928176526923
7837.193197878048,0.981242954376365
7837.23100195284,0.9806023521783016
7837.268806447932,0.98323689985952
7837.29905034662,0.9837893947140453
7837.336855598261,0.9819227708726552
7837.374661270216,0.9950238754234295
7837.40490611041,0.997567728158907
7837.442712538949,0.9837622390720866
7837.480519387821,0.9769367230329606
7837.518326657034,0.9860824208527157
7837.548572775054,0.9884511412394028
7837.586380800893,0.97585529687563
7837.624189247093,0.961596718358295
7837.654436306717,0.9596707365501105
7837.69224550958,0.9730179539766812
7837.730055132819,0.9786270362037908
7837.76786517644,0.9899010422924401
7837.79811351402,0.9979126052315819
7837.835924314352,1.0012111093065683
7837.873735535085,0.9867473686779098
7837.903984814364,0.9803447570842017
7837.941796791838,0.9753141599544519
7837.979609189734,0.9616659438240509
7838.0098594107585,0.9624027380318363
7838.047672565424,0.9644349973558193
7838.085486140534,0.9657778895245195
7838.12330013609,0.9628244133470023
7838.153078953515,0.9582695875401277
7838.190893700633,0.9532415515019206
7838.228708868217,0.9544514746313588
7838.258961305023,0.9548557213559228
7838.296777229457,0.9564186686854257
7838.334593574376,0.9707370128150106
7838.372410339785,0.9802446279999113
7838.402664054869,0.9901485189726704
7838.440481577175,0.9861359912256067
7838.47829951999,0.9857436870116634
7838.508554177012,0.9780414381438953
7838.54637287676,0.9684343681959202
7838.584191997032,0.9608383907309015
7838.622011537838,0.9705395788161553
7838.652267473271,0.974907666330961
7838.690087771056,0.9734710589825655
7838.727908489391,0.9666581377351566
7838.75816536686,0.9604134090380072
7838.795986842205,0.9453989945282786
7838.833808738122,0.9239353242520214
7838.86406655767,0.9373883955572442
7838.901889210629,0.9624190961936405
7838.939712284176,0.9841771259696757
7838.977535778322,0.9942124008321849
7839.00779487647,1.0154532069632822
7839.045619127704,1.0230505306460838
7839.08344379955,1.0141304668061302
7839.113703839875,1.0032250654295358
7839.151529268844,0.9915702078692032
7839.189355118448,0.97428476089169
7839.226708557713,0.9760603760239615
7839.256969872566,0.9754364471188905
7839.2947968947165,0.9782083060354099
7839.332624337526,0.9726580254504118
7839.36288659465,0.967454509562059
7839.4007147946595,0.9478335307958641
7839.438543415346,0.9486994461874094
7839.468806614785,0.9527453159018553
7839.506635992707,0.955007671793084
7839.544465791322,0.9411106175227313
7839.582296010639,0.9316671147292399
7839.612560489002,0.9200313904988064
7839.650391465597,0.9108586523663469
7839.688222862914,0.9056783452359716
7839.718488283692,0.9180663729855814
7839.756320438321,0.931026704226716
7839.794153013688,0.9352976223353056
7839.831986009803,0.9424829859536019
7839.862252709634,0.9392407989865466
7839.900086463105,0.938953433932769
7839.937920637341,0.9390047268144086
7839.968188279684,0.9509914460092999
7840.006023211312,0.9721687549113498
7840.043858563721,0.9889010993298089
7840.081694336921,0.9806944433260196
7840.111963258451,0.9618903640466578
7840.149799789088,0.9642557629346571
7840.187636740531,0.9612901353945063
7840.217906604673,0.9571629893585478
7840.255744313585,0.9395831501907612
7840.293582443326,0.9343657964271568
7840.323380266691,0.9358457204887776
7840.361219148675,0.9307055449442583
7840.399058451502,0.9379823885383365
7840.436898175182,0.9541161904908226
7840.467170257143,0.9570794588356861
7840.505010738371,0.9567694815681396
7840.542851640469,0.9681773924577688
7840.573124665179,0.9720091107476545
7840.61096632486,0.9683178879407102
7840.648808405429,0.9670049443576938
7840.686650906893,0.9725891583932511
7840.716925211114,0.9803441363358303
7840.754768470207,0.9759120161910202
7840.792612150213,0.961872623945812
7840.822887397279,0.9595014341708321
7840.860731834946,0.9689944634652263
7840.898576693547,0.9720506065054446
7840.928852883501,0.9753772581137672
7840.966698499795,0.9662840410354232
7841.00454453704,0.9611257329335905
7841.0423909952415,0.9533493182141388
7841.072668464899,0.9673268997473554
7841.110515680842,0.9783843600520574
7841.148363317758,0.9745360301946429
7841.178641730401,0.961000061739967
7841.216490125093,0.9597704893486572
7841.254338940779,0.9594534952373994
7841.292188177466,0.9575200472513501
7841.322467869941,0.9529584498194141
7841.360317864448,0.9477051932014589
7841.39769514718,0.9426447551676207
7841.42797577853,0.9378536420334345
7841.465826946645,0.9352837234285036
7841.5036785358,0.9383653700406231
7841.541530545999,0.9404508433047007
7841.571812457313,0.9417027493915797
7841.609665225409,0.932358838424413
7841.647518414569,0.924857201589893
7841.677801269067,0.9146437961053833
7841.715655216156,0.9064319103798513
7841.753509584329,0.9073875864948597
7841.783793382051,0.9209541955629381
7841.821648508188,0.9374515314320326
7841.859504055425,0.9456401397085388
7841.89736002377,0.9523209023706258
7841.927645101647,0.9524526206536417
7841.965501828002,0.9512536927842679
7842.003358975483,0.955826964494332
7842.033644996681,0.9649407963715921
7842.071502902206,0.9773290489763262
7842.109361228873,0.9746268169705701
7842.147219976692,0.9675446390538212
7842.177507278179,0.9661585525134742
7842.215366784088,0.9672838078478545
7842.253226711166,0.9765496478235041
7842.283514956074,0.9711392518794659
7842.321375641272,0.9646705634939199
7842.359236747659,0.9633229469382236
7842.389525936032,0.968265481135713
7842.427387800574,0.9683641079368608
7842.465250086325,0.9576729388370273
7842.502639506849,0.9365407721024885
7842.532929971486,0.9173516077585864
7842.570793431384,0.904121427875084
7842.608657312516,0.9008760536306004
7842.638948720712,0.9140348543290935
7842.676813360078,0.934558256714636
7842.7146784206925,0.9476005694195064
7842.752543902565,0.9462971406451179
7842.782836591373,0.9408089286434573
7842.820702831525,0.9409122691041998
7842.858569492955,0.9441459753582648
7842.888863125419,0.9488572367801016
7842.926730545159,0.9602820343358209
7842.964598386196,0.966064421002452
7843.002466648532,0.9540171153663495
7843.032761561741,0.944822409093588
7843.070630582436,0.9422586967037032
7843.108500024452,0.9341368632219764
7843.138795881419,0.9199448676997104
7843.176666081826,0.9022887484925604
7843.214536703569,0.8918046583384438
7843.244833504334,0.8863344389238639
7843.282704884504,0.8888775301678791
7843.320576686031,0.8925560026529666
7843.35844890892,0.9044410520427626
7843.388746990619,0.9224810386235438
7843.42661997198,0.95721779776979
7843.464493374723,0.9534236758992372
7843.494792400316,0.9515429284190999
7843.532666561565,0.9555878880443573
7843.57006770933,0.9384386981247779
7843.607942708118,0.9283587203301935
7843.638243010565,0.9309828291567817
7843.676118767901,0.9447033911523754
7843.713994946665,0.9509662321003376
7843.744296193106,0.9553755690192214
7843.782173130452,0.9737892490736344
7843.820050489242,1.0026045068327742
7843.850352679719,1.009061646985512
7843.888230797127,0.9945319699827591
7843.9261093359955,0.9850493151914441
7843.963988296336,0.9765638411273365
7843.994291768072,0.9778398248567468
7844.032171487073,0.9772325651952176
7844.070051627562,0.982224713459084
7844.10035604343,0.969251394070509
7844.138236942616,0.9561288362423614
7844.176118263308,0.9602789565081515
7844.214000005514,0.97080838795196
7844.244305702771,0.9742326785059217
7844.282188203718,0.9763276303291686
7844.320071126198,0.9836332831829435
7844.350377767689,0.9760351070643405
7844.38826144894,0.9619037182965038
7844.426145551744,0.9466605075909504
7844.464030076105,0.9380208317915142
7844.49433799912,0.939829548502148
7844.5322232823,0.9416401581069815
7844.570108987057,0.9503889711688498
7844.600417854403,0.9415394223291078
7844.638304318012,0.9410979265503692
7844.675717614548,0.9515162729345059
7844.70602742205,0.9349644323140365
7844.743915060872,0.9159264306917165
7844.781803121306,0.9222803809202802
7844.8196916033585,0.9361094666845402
7844.850002692573,0.933353087469629
7844.88789193356,0.9297286937211848
7844.925781596185,0.9399669862327227
7844.956093629868,0.9453970746476252
7844.993984051458,0.9379760789189906
7845.031874894705,0.9357287346269128
7845.069766159616,0.9322691867027117
7845.100079475146,0.9414974199414903
7845.137971499068,0.9493827979746643
7845.175863944672,0.9546876378696805
7845.206178204771,0.9616143792168026
7845.244071409419,0.9762231959749343
7845.281965035769,0.9702915106670906
7845.312280240477,0.9610830605430405
7845.350174625905,0.9562534052120699
7845.388069433054,0.9553470418612846
7845.425964661926,0.956664911866685
7845.45628114867,0.9662414684146698
7845.4941771366675,0.9746881093326782
7845.53207354641,0.9779201723683602
7845.562390977862,0.979123405192557
7845.600288146761,0.9697510539662562
7845.638185737423,0.9544079698604462
7845.676083749855,0.9464890873149769
7845.706402463478,0.95175101813801
7845.743827497865,0.9537431179040805
7845.781726686015,0.9559048971118018
7845.812046340227,0.9612814679189192
7845.849946287614,0.9560282787401113
7845.887846656807,0.9419746287720341
7845.9257474478145,0.9448927106826519
7845.956068384331,0.9576178727498346
7845.993969934619,0.961372877345698
7846.03187190674,0.95844429523475
7846.062193788161,0.9705241160490097
7846.100096519598,0.9784978589293649
7846.137999672883,0.9838277699394116
7846.168322499251,0.9979229991929699
7846.206226411887,1.0060049170711294
7846.244130746392,0.9962997122886001
7846.282035502774,0.9929889993486722
7846.312359611634,0.9910952455253617
7846.350265127408,0.9857385923141653
7846.388171065079,0.9774806338489206
7846.418496118985,0.975899663837132
7846.456402816081,0.9709106546765671
7846.494309935094,0.969373487545051
7846.532217476026,0.9662755744036529
7846.562543812559,0.9653012041634466
7846.600452112963,0.9642359762646384
7846.638360835305,0.9670265725235974
7846.668688116982,0.9574614939957444
7846.706597598831,0.94907491890061
7846.744507502639,0.9250792975419346
7846.774835729498,0.9137073337166224
7846.812746392846,0.9130646121813955
7846.850183586998,0.9218414796552308
7846.888095089029,0.93974958610975
7846.918424594487,0.9427846185359643
7846.956336856104,0.9489778463978427
7846.994249539723,0.9685342624650612
7847.024579990461,0.9761307783629027
7847.062493433699,0.9856730014692845
7847.100407298957,0.9884856972818339
7847.13832158624,0.9887227371034906
7847.16865331993,0.9802554344025394
7847.206568366878,0.9618918371295018
7847.244483835872,0.9560785303376564
7847.274816514945,0.9567937163662761
7847.312732743634,0.9438709984896931
7847.3506493943905,0.935089881239378
7847.388566467216,0.9311290542553847
7847.418900429371,0.9251937602814548
7847.456818261942,0.9314818779695913
7847.494736516598,0.9394050291672769
7847.525071424235,0.9358299973659912
7847.562990438672,0.9272470055775697
7847.600909875216,0.9203370809488125
7847.631245728371,0.9164087134306735
7847.669165924724,0.9233594329414199
7847.707086543205,0.9287869637262296
7847.74500758382,0.9196590115770726
7847.775344720248,0.9042525222741216
7847.813266520719,0.9077127549944599
7847.851188743341,0.9142652520578327
7847.881526825392,0.9327475667930711
7847.918975768015,0.9606119248674789
7847.95689916742,0.9719979423492267
7847.994822989002,0.9644170896866289
7848.025162350237,0.9563360207132507
7848.063086931754,0.9414503552968221
7848.101011935467,0.9397792277840218
7848.1313522424225,0.9597934409558091
7848.169278006103,0.970886885014494
7848.207204191997,0.9628599990741795
7848.237545444712,0.9550911442139163
7848.27547239061,0.9461583484369187
7848.313399758739,0.9537828978763716
7848.351327549109,0.957519219216906
7848.381670085421,0.9553581045376194
7848.419598635837,0.9575231339419117
7848.457527608514,0.9659243106377118
7848.487871090684,0.9485269893762853
7848.525800823441,0.9292424364880247
7848.563730978475,0.9168546838464335
7848.601661555793,0.9291526274243995
7848.632006321695,0.9366151285551636
7848.669937659139,0.9482047968327383
7848.707869418886,0.9422351439113876
7848.738215130745,0.9417833662831558
7848.776147650652,0.9300711841083447
7848.814080592878,0.9075543906938306
7848.852013957433,0.8951148307712398
7848.882360953157,0.8983338106364511
7848.920295077919,0.9155560891582286
7848.958229625026,0.9333532033574421
7848.988577566805,0.9449570669003542
7849.026038680204,0.9433003691142936
7849.063974404636,0.9521034362264404
7849.094323288287,0.9562377872221803
7849.132259772993,0.9668379868882451
7849.170196680081,0.9762788724535014
7849.20813400956,0.9853362334690825
7849.238484177266,0.9903879356289511
7849.276422267064,0.9797757785172254
7849.314360779271,0.9617211265060057
7849.344711893174,0.9527302892489533
7849.382651165731,0.9428967054149988
7849.4205908607155,0.9531778311658863
7849.458530978134,0.9530458991292834
7849.488883376228,0.9456120597191808
7849.526824254045,0.9424386046622242
7849.564765554313,0.9617010129169477
7849.5951188987,0.962687387627503
7849.6330609594,0.959219864565813
7849.671003442573,0.9576832565947226
7849.701357733293,0.9399158167929174
7849.73930097693,0.920333650097164
7849.777244643059,0.9281296724693464
7849.815188731683,0.9314707610519282
7849.845544306781,0.93006183989192
7849.883489155915,0.9330669834450351
7849.921434427567,0.9432891603992564
7849.951790949102,0.94172033756235
7849.989736981294,0.9486641049512146
7850.027683436022,0.9598525047169773
7850.065630313291,0.9663038906975348
7850.09551377654,0.9665950731819166
7850.133461409116,0.9628538756776166
7850.171409464252,0.9580293957061867
7850.201768212607,0.9549742856587498
7850.239717028365,0.9481690702883736
7850.2776662667,0.9415155621776303
7850.315615927622,0.938765481072136
7850.345975960624,0.9391592181719328
7850.383926382214,0.9288342678401129
7850.421877226406,0.9097941137926704
7850.452238206039,0.8981053499737484
7850.490189810935,0.9086291452235487
7850.528141838451,0.9280704324436506
7850.558503764755,0.9359884948554453
7850.596456553009,0.9451427963371388
7850.634409763903,0.9557445812275147
7850.672363397444,0.9471039397731873
7850.702726608587,0.9434952528154272
7850.740681002908,0.9425476984551266
7850.778635819896,0.9269281129750693
7850.808999977812,0.9212947996648988
7850.846955555615,0.9203701483866904
7850.884911556101,0.9208000835964683
7850.922867979281,0.9289108342799042
7850.953233422167,0.9186816636258166
7850.991190606207,0.9199224717563885
7851.029148212956,0.9261272226307922
7851.059514602713,0.9200464002003583
7851.097472970356,0.918123781565169
7851.135431760729,0.9227606980513703
7851.173390973838,0.9296224997733544
7851.203284151697,0.922042294905915
7851.241244120461,0.9120746146061849
7851.279204511979,0.9241313933257267
7851.309573129578,0.9333075995475137
7851.34753428207,0.9364947170000337
7851.385495857335,0.9402206619649609
7851.415865421946,0.951741356710865
7851.453827758216,0.9744158149584146
7851.491790517278,0.9754170604214483
7851.5297536991375,0.9668671786914558
7851.560124549046,0.951943972832686
7851.598088491957,0.9334830527987794
7851.636052857685,0.9286009502443291
7851.6664246547025,0.9352890844625974
7851.704389781518,0.9484833456928141
7851.742355331168,0.9596504005415407
7851.78032130366,0.9446809206624582
7851.810694386106,0.9390560698418695
7851.84866111973,0.9490160562306955
7851.886628276216,0.9502996085197601
7851.917002305867,0.9501805556880627
7851.954970223517,0.9552342132669962
7851.992938564048,0.9629898972170226
7852.02331354095,0.9717375883884773
7852.06128264268,0.9801516508326336
7852.099252167307,0.9838213467800654
7852.137222114838,0.966091377011616
7852.16759837736,0.9645063943794481
7852.205569086138,0.9750824383268013
7852.243540217837,0.9787342648593704
7852.273442781721,0.9865178389673734
7852.311414669413,0.9905492942543899
7852.349386980047,0.9627764379727632
7852.38735971363,0.9524198888333424
7852.417738205023,0.9579836667104129
7852.455711699929,0.9514926051980539
7852.493685617803,0.9541100067549886
7852.524065056644,0.9642208329841486
7852.562039735875,0.9611662360475131
7852.600014838093,0.9588539543169483
7852.637990363304,0.9525055660170942
7852.66837108803,0.9554878467292904
7852.706347374644,0.9542533730310876
7852.74432408427,0.9454071577096197
7852.77470575654,0.9478772105101656
7852.812683227603,0.9458544396112492
7852.850661121695,0.9296667845330127
7852.881043741555,0.9223676374049294
7852.919022397118,0.9215649072031062
7852.957001475729,0.9196116124103335
7852.994980977396,0.9137227984028855
7853.025364883334,0.9082971546304652
7853.063345146517,0.902902953512025
7853.101325832776,0.9120399142558155
7853.131710686398,0.9147301114985995
7853.169692134205,0.917439081206151
7853.207674005106,0.9189280956446442
7853.245656299105,0.9161268827854592
7853.276042438941,0.929318637854242
7853.314025494536,0.9445523616193918
7853.352008973249,0.9500200903718075
7853.381921260543,0.9653484973299402
7853.419905495596,0.9804360091122812
7853.457890153786,0.9933821603100361
7853.488278185002,0.9886584627643926
7853.526263604855,0.9619526298126577
7853.564249447863,0.9471428742012942
7853.602235714034,0.9326623426581941
7853.632625031652,0.9216931188184407
7853.670612059531,0.937005229394734
7853.708599510592,0.9588854932496746
7853.738989776136,0.9775361491585812
7853.776977988938,0.9804844131848085
7853.81496662494,0.9499313168931087
7853.852955684147,0.9295513736185312
7853.883347236228,0.9252217947274051
7853.921337057223,0.9281211096230577
7853.959327301444,0.9444058788583967
7853.989719801547,0.9481630812862127
7854.02771080759,0.951362765764703
7854.065702236876,0.9511805462117484
7854.103694089413,0.9480180494669774
7854.134087876185,0.9435348359198565
7854.172080490589,0.9541540747298538
7854.210073528262,0.9645609035157972
7854.24046826316,0.9678881333973144
7854.278462062733,0.9751567518679207
7854.316456285594,0.9808967706174432
7854.346851968656,0.9840891822304769
7854.384846953452,0.9955845394867429
7854.422842361554,0.9871530348094606
7854.460363242464,0.990278350360126
7854.490760208154,0.9964077919752559
7854.528756796259,0.992670103730813
7854.566753807693,1.003913455394968
7854.597151721647,1.009044657211406
7854.635149495096,1.0246991930707885
7854.673147691897,1.0255302452895547
7854.711146312055,1.0112614426653947
7854.741545513003,0.9886966523551763
7854.77954489522,0.9739271505204292
7854.8175447008125,0.9787833275747377
7854.847944850122,0.9890973907125353
7854.885945417809,1.0055606486058275
7854.92394640889,0.995028744202249
7854.954347506603,0.9974707644901117
7854.992349259812,0.9983042619807292
7855.030351436431,0.9691689927411564
7855.068354036473,0.9534353508184366
7855.098756421374,0.96113056984516
7855.136759783588,0.971357514444559
7855.174763569239,0.9622454179063247
7855.205166902641,0.9437176503860163
7855.2431714505,0.9308636462570421
7855.281176421819,0.9291498345417255
7855.319181816598,0.922578287378329
7855.34958643732,0.9200645985477358
7855.387592594353,0.9062989847402274
7855.425599174867,0.8939394815387431
7855.456004744193,0.8962585823108644
7855.494012086992,0.9024489939499372
7855.531544753604,0.9219784263833763
7855.569552938121,0.9231919313115913
7855.599959790663,0.911605718785921
7855.637968737512,0.9085686393661605
7855.675978107888,0.9220868313567687
7855.706385909132,0.9242315403648502
7855.7443960418705,0.9225714668366942
7855.782406598157,0.9211156747328082
7855.812815348144,0.9336405401108396
7855.850826666829,0.9451045341559856
7855.888838409076,0.9365154952196622
7855.926850574896,0.913962606648256
7855.957260612528,0.9023054853114574
7855.995273540793,0.9098049349574691
7856.033286892648,0.929752409601259
7856.063697879119,0.9497101600208318
7856.101711993451,0.9578605818106118
7856.139726531392,0.9716109790514043
7856.17774149295,0.9871128539414198
7856.2081537672,0.9958028877282714
7856.246169491281,0.9892036988355999
7856.284185638994,0.9621769231857817
7856.314598862186,0.9398117204417717
7856.352615772458,0.9438394845247167
7856.390633106382,0.9391995954929013
7856.421047278556,0.934500768434527
7856.459065375072,0.933582089990801
7856.497083895259,0.9502263100962385
7856.535102839122,0.9730426432565902
7856.565518299268,0.9787537369134325
7856.603538005769,0.9785299483209855
7856.641082881725,0.9750074456313678
7856.671499286714,0.9704356050658476
7856.709520174287,0.9510996545195618
7856.747541485577,0.9489264594665192
7856.785563220586,0.9588948877584063
7856.81598091368,0.97060673270088
7856.854003411408,0.9763759562556731
7856.8920263328755,0.9720125099672141
7856.922444975146,0.9745780192013926
7856.960468659365,0.9796963552975113
7856.998492767344,0.9819905492551664
7857.036517299087,0.9863124652317838
7857.066937229599,0.9827264197505936
7857.104962524139,0.9855749260000803
7857.142988242464,0.985302854155218
7857.173409122254,0.9911568148821357
7857.211435603409,0.9946989646534836
7857.249462508366,0.9785503422541857
7857.279884337477,0.9663717889478818
7857.3179120053,0.9665249506053513
7857.355940096944,0.976569636683327
7857.393968612418,0.9892185535889655
7857.424391729957,0.9909914854669988
7857.462421008341,0.9811154240140418
7857.500450710571,0.9684377363527241
7857.530874777531,0.9539301598686805
7857.568905242704,0.941003070286444
7857.606936131745,0.9388719531971088
7857.644967444659,0.9315730787847283
7857.675392800184,0.936394751245629
7857.712949472522,0.9381564159724014
7857.750981967018,0.9492945618921529
7857.781408267821,0.9536241340780678
7857.819441525338,0.9654448383711578
7857.857475206768,0.9721805822165581
7857.8879024571315,0.9717914914390504
7857.925936901617,0.9640656122292606
7857.96397177003,0.9609504311230554
7858.002007062381,0.9606285870652191
7858.032435601501,0.9624829424300678
7858.070471656954,0.9623860506295108
7858.108508136362,0.9721346233168082
7858.138937625139,0.9768136565168186
7858.176974867683,0.9960339101246791
7858.2150125342,1.008229767692323
7858.253050624698,1.0134815963466823
7858.2834814023645,1.013790942008651
7858.321520256045,1.0036927489952339
7858.359559533722,1.0004628456453455
7858.38999126115,1.0042168416273272
7858.428031302041,1.0125589495694984
7858.466071766952,1.0136284453681002
7858.504112655888,0.9989498936586141
7858.534545672339,0.9934798693221008
7858.572587324536,0.9977738590063807
7858.610629400774,1.0091450940447126
7858.641063367082,1.0184028600060235
7858.679106206619,1.0040920255137777
7858.717149470215,0.9902153700535543
7858.747584386421,0.9917230650406899
7858.785628413347,0.9891756843980457
7858.823197306098,0.9813563106121388
7858.86124217589,0.9766860034726066
7858.891678377071,0.9818671255441989
7858.929724010239,0.9767724521522911
7858.967770067512,0.9643108688479245
7858.99820721869,0.9522582342430683
7859.036254039372,0.9584823229079316
7859.074301284178,0.9623127089970751
7859.1123489531155,0.9705187773507509
7859.142787393644,0.9800960025353609
7859.180835826035,0.9815829345303502
7859.218884682577,0.9658291755463788
7859.249324073204,0.9604142827793816
7859.287373693233,0.9589249762430905
7859.325423737431,0.9710820057611504
7859.355864078197,0.9868872459026738
7859.393914885917,0.9995710585097284
7859.431966117825,1.0001354232224682
7859.470017773926,0.9835665300943559
7859.500459404233,0.97231799613711
7859.538511823904,0.976547825565881
7859.576564667786,0.9895630656829526
7859.60700724833,1.0070498090854008
7859.645060855814,1.0118656611612153
7859.68311488753,1.008961487664562
7859.721169343485,0.9943119150214206
7859.751613213707,0.9765207583469337
7859.789668433307,0.9701348675184778
7859.827724077168,0.9662416235454356
7859.8581688977265,0.9659563541054421
7859.895749597553,0.9764016823036319
7859.933806424065,0.9706488822766388
7859.971863674862,0.9593607781019495
7860.002309780986,0.9640509507926023
7860.040367795508,0.9739523598500717
7860.078426234331,0.9812878876865769
7860.108873290894,0.9891715315875003
7860.146932493479,0.9923303618770243
7860.184992120382,0.992078339085122
7860.21544012742,0.9902938192444222
7860.25350051812,0.9886642016589244
7860.291561333156,0.9737824862901459
7860.329622572542,0.9718054446380531
7860.360071869581,0.9794290163089514
7860.3981338728045,0.9780450074524856
7860.436196300393,0.9750021833423417
7860.466646548011,0.9706608037866329
7860.504709739473,0.9768054148084861
7860.542773355318,0.9903057806559468
7860.580837395553,0.9843761437886283
7860.611288933309,0.9765431974727503
7860.649353737461,0.9870248744154262
7860.687418966027,0.9968830718899848
7860.717871454456,0.9953513860993062
7860.755937446975,0.9916432195081983
7860.79400386392,0.9974941662856922
7860.824457303066,1.0027210839817728
7860.862524484,1.0021325347893728
7860.900592089378,0.9931580547557732
7860.938660119211,0.9857917365641848
7860.969114848686,0.9889171267647638
7861.006707780008,0.9797839683454908
7861.044776993041,0.9793655014330125
7861.075232669087,0.9761795755446911
7861.113302646185,0.9833563086712513
7861.151373047774,0.9985849578207542
7861.189443873859,0.9982629743788265
7861.2199008403695,0.9941420347972156
7861.257972430567,1.0022712467276802
7861.296044445281,1.0077934437956595
7861.32650236271,1.0144610894868955
7861.364575141571,1.0112199821712435
7861.402648344965,1.0088490059894695
7861.440721972903,1.01712325254782
7861.471181180928,1.0235451381346043
7861.509255573058,1.0323609271683587
7861.547330389745,1.0389214203520771
7861.577790548787,1.0353345299200853
7861.615866129702,1.0413234473602895
7861.653942135198,1.051483572130512
7861.684403245295,1.0541198840893855
7861.722480015049,1.039007878849696
7861.760557209403,1.0194095579591822
7861.79863482836,1.0252414883300929
7861.829097229244,1.0246569447498457
7861.867175612509,1.034927837266793
7861.905254420395,1.036543636396715
7861.935717772439,1.0318815092911109
7861.973797344665,1.0265478124606953
7862.011877341533,1.0257338733304668
7862.049957763052,1.0363187623455723
7862.079946393882,1.0367185927196896
7862.118027574475,1.0316623904526356
7862.1561091797375,1.0192893477805005
7862.186574769714,1.0046926626719024
7862.224657139394,1.0107041488677333
7862.262739933763,1.013727548259402
7862.293206475037,1.0169702453030602
7862.331290033858,1.0130623035917128
7862.369374017384,0.9932190916445698
7862.407458425623,0.9893765029395418
7862.437926258009,0.9965208405058006
7862.476011430747,0.9931732812419318
7862.514097028216,0.9854052914671698
7862.544565812002,0.9764129194273576
7862.582652174,0.964848784704333
7862.620738960751,0.9697927106557662
7862.658826172256,0.9641134741444659
7862.689296247292,0.9533691625557419
7862.727384223375,0.9481518865349894
7862.765472624236,0.9449030435313566
7862.795943650769,0.9423887100668744
7862.83403281624,0.955306659768685
7862.8721224065075,0.9541370926975854
7862.910212421573,0.9567567418475902
7862.94068473949,0.9685686892039742
7862.978775519216,0.9845397197286325
7863.016866723761,0.994555755345075
7863.04733999327,0.9980260092793922
7863.085431962508,0.9970771593753773
7863.123524356583,0.995360023040718
7863.153998577731,0.993447615568749
7863.191615569425,0.9881443539851458
7863.229709147773,1.0021144027488398
7863.267803150985,1.0118165471621803
7863.298278659459,1.0121909046870068
7863.3363734274435,1.0144281279303564
7863.374468620309,1.001257397077082
7863.404945080522,1.0080251585772657
7863.443041038192,1.010709487447293
7863.481137420764,1.026247778227148
7863.519234228244,1.0162441138811862
7863.549711980168,1.008315621121355
7863.587809552501,1.0021907626482953
7863.625907549758,0.9840390729624244
7863.656386253519,0.9864145420105808
7863.694485015662,0.9847493072340394
7863.732584202753,0.9914358401315284
7863.76306385839,0.9879778829107246
7863.801163810399,0.9813074874063235
7863.8392641873725,0.9918576546493443
7863.877364989317,0.9955575061428512
7863.907845936855,0.9893102053421468
7863.945947503766,0.9888610047699922
7863.984049495666,0.9988829529583991
7864.014531395184,1.003370860227944
7864.052634152083,1.0156061361266475
7864.090737333989,1.0236372922664958
7864.1288409409135,1.0182407539002045
7864.159324132468,1.0053135530469806
7864.197428504435,0.9898940878524163
7864.235533301437,0.990061599945695
7864.265541128233,0.9923448870176397
7864.303646685002,1.0088308669171828
7864.341752666822,1.0170014934206895
7864.379859073703,1.0078089293252177
7864.410344505257,1.0012261471027324
7864.448451677262,0.9977938898873893
7864.486559274347,1.0016999063164473
7864.517045658075,0.9965397935252467
7864.555154020317,0.9907042828669441
7864.593262807657,0.9879552853603963
7864.6237501436035,0.9928348933634221
7864.661859696136,1.0065536139363138
7864.699969673786,1.0026446066836965
7864.738080076556,0.987447613322046
7864.768568704868,0.9832310981850394
7864.806679872877,1.0000690813314952
7864.844791466029,1.0120899417777847
7864.875281046658,1.0197900032037133
7864.913393405082,1.0194994397355497
7864.951506188667,1.0187906255597916
7864.989619397418,1.0155589231727806
7865.020110270544,1.0042936629417663
7865.058224244614,0.9834252743316862
7865.096338643872,0.9865070452537485
7865.126830469414,0.9873181808153366
7865.164945634023,0.9842241533858644
7865.203061223836,0.9899112801621439
7865.2335540018385,0.9886410703418351
7865.271670357038,0.9980022013064616
7865.30978713746,1.0176010697790812
7865.347904343114,1.021395188412586
7865.37792194186,1.0390064348340529
7865.41603990763,1.0551393176931434
7865.454158298649,1.0488091590229918
7865.48465331765,1.03158060841389
7865.522772474132,1.0128470680803794
7865.560892055885,0.9969985294150394
7865.599012062914,0.9859510779560905
7865.629508374739,0.960734868645674
7865.667629147278,0.9602019344639998
7865.70575034511,0.9793931077383089
7865.736247609592,0.9944594679084311
7865.774369572971,1.006406614959613
7865.812491961662,1.010628904325259
7865.85061477567,1.0192062869597842
7865.881113333114,1.029763648990589
7865.919236912716,1.03743573292179
7865.957360917656,1.0342646383262661
7865.987860427855,1.034467313013841
7866.025985198419,1.0220324384323942
7866.064110394343,1.0151894350733917
7866.09461085734,1.0079854861692992
7866.132736818922,1.0108163031451947
7866.170863205879,1.0161686401897867
7866.208990018217,1.0063941579235225
7866.239491774369,1.0028550908796305
7866.277619352414,0.9972279559377066
7866.315747355858,1.001837599441521
7866.34625006491,1.002685630834193
7866.384378834095,1.0133579588842783
7866.4225080287,1.0261769592265548
7866.460161025855,1.0142424314901433
7866.490665023938,1.0100734544772008
7866.528795404437,1.0125267050947513
7866.566926210381,1.0116035373084333
7866.597431161463,1.0093272176200077
7866.635562733227,1.0132001099025205
7866.673694730454,1.0228517882978687
7866.704200634576,1.0156372264181102
7866.742333397657,1.0019606702884944
7866.780466586221,0.9889241791574963
7866.818600200276,0.991563374883756
7866.849107397877,0.9946576001803114
7866.8872417778275,0.9813880678740137
7866.92537658329,0.9575316387187711
7866.955884734031,0.9494124110168471
7866.994020305427,0.9586390976841832
7867.032156302347,0.9732300759073462
7867.070292724804,0.9709473014102838
7867.10080216916,0.9580893240421786
7867.138939357596,0.9508256703433051
7867.177076971583,0.9591027502509424
7867.207587369176,0.9659835676459598
7867.24572574918,0.9646583902305532
7867.283864554754,0.9689124745823736
7867.3220037859055,0.9656410860196143
7867.352515477248,0.9588779968236427
7867.39065547446,0.9645931866117872
7867.428795897268,0.9709044374631028
7867.459308541951,0.9717975144374624
7867.49744973085,0.9723733300932489
7867.5355913453695,0.9837954087166478
7867.565628166369,0.9965496832457588
7867.603770541692,1.0016203149618619
7867.6419133426525,0.9984412882346956
7867.680056569254,0.9898956583591791
7867.710571457003,0.995767108291612
7867.748715449777,1.0053162594528509
7867.786859868211,1.0013232982719675
7867.81737570944,0.9999524168758589
7867.855520894081,1.001864746214258
7867.893666504402,0.9962138096878015
7867.931812540409,0.9970703089828468
7867.962329675714,0.9874551344034439
7868.000476477973,0.9848594567059266
7868.038623705939,0.9911117367140188
7868.069141794823,0.9843214546745751
7868.107289789075,0.9792932639213143
7868.1454382090515,0.9808843817947921
7868.183587054758,0.9869975243370948
7868.214106437853,0.9865166936903518
7868.252256049893,0.990509531381115
7868.290406087683,0.988021247722165
7868.320926424459,0.9846389565115945
7868.359077228615,0.9844398984851688
7868.397228458537,0.9907407918968767
7868.427749749034,0.9984661615578165
7868.465901745359,1.009760837373286
7868.504054167472,1.000984054987258
7868.542207015376,0.9925112144850499
7868.572729600278,0.9928145846651797
7868.61088321463,1.0041117101856702
7868.648560326665,1.0080399949371883
7868.67908386113,1.0112201999316066
7868.717238662452,1.0030364398976142
7868.755393889607,0.9970220572362232
7868.793549542602,0.9941341085103372
7868.824074371602,0.9870951572304381
7868.862230791123,1.0046169788317085
7868.9003876365,1.0236146831815034
7868.930913419424,1.0245309018400925
7868.969071031362,1.0198842412062303
7869.007229069174,1.0205972217031023
7869.037755806062,1.0093109362512156
7869.075914610469,0.9876445028838723
7869.114073840771,0.9717722123441304
7869.152233496975,0.9709827228407013
7869.182761528595,0.9819338615786062
7869.22092195144,0.9842809018329677
7869.259082800205,0.9769753720063612
7869.289611785885,0.9810405505113644
7869.327773401325,0.9876497435660885
7869.365935442705,0.9905193655106845
7869.404097910032,0.9918244799674367
7869.434628190577,0.9854894555769429
7869.472791424623,0.9844390798246836
7869.510955084635,0.9915555258361497
7869.541486319345,1.0039300629730834
7869.579650746109,1.0006910279440249
7869.61781559886,0.9812304491273303
7869.655980877601,0.9735438529203742
7869.686513407311,0.981971372827753
7869.724679452851,1.000296039860095
7869.762368840879,1.012231355504282
7869.792902320592,1.0246760352343616
7869.831069553651,1.0329221542553353
7869.869237212738,1.0312429462908062
7869.899771646755,1.0285954523351533
7869.937940072711,1.0144403246363205
7869.976108924716,0.9988111707297218
7870.014278202772,0.9922091566775066
7870.044813931982,0.9826715919713667
7870.082983976956,0.9839144415938808
7870.121154448,0.9820521910224314
7870.151691131613,0.9752825124791387
7870.189862369606,0.9753423066851534
7870.228034033693,0.9907531340592226
7870.266206123876,0.9952516107192144
7870.296744102819,0.9919316393325961
7870.334916959996,0.984432693234168
7870.373090243291,0.975501701640934
7870.403629176737,0.989371600718499
7870.441803227063,1.0101705166450363
7870.479977703521,1.0109909251197677
7870.510517591513,1.0148682762680816
7870.5486928350365,1.0190261965817413
7870.586868504714,1.0116080095824445
7870.625044600553,0.9999350557115698
7870.655585784066,1.0011070921944187
7870.693762647014,1.007336645019689
7870.731939936145,1.0095615633730803
7870.762482074301,1.003960371656873
7870.800660130573,1.001597712638136
7870.838361379384,1.0070478440424728
7870.876540282734,1.0050938018079294
7870.907083712285,1.0086360395515155
7870.945263382825,1.0156137490829449
7870.9834434795885,1.0206463005735913
7871.013987863886,1.0081520872767724
7871.052168727872,0.9923843419274423
7871.090350018101,0.9904181643881174
7871.128531734584,0.9847410040769111
7871.159077414673,0.9852739493204625
7871.197259898422,0.9845682030086207
7871.235442808443,0.9895478424138078
7871.265989443377,0.9966668785921753
7871.3041731207,0.9998252619091903
7871.342357224308,1.000871648885551
7871.3729048141295,0.9981142994655414
7871.411089685077,0.9922650651663432
7871.449274982333,1.0111007229986326
7871.487460705901,1.0315258495898785
7871.518009591707,1.0299477738845502
7871.556196082659,1.0131271194748306
7871.594382999943,1.0053221925664386
7871.624932840736,0.9956634216074611
7871.663120525437,1.0087124838553374
7871.70130863649,1.0087812502875861
7871.739497173903,1.0001704349742122
7871.770048310816,0.9934357380826107
7871.808237615691,0.9888355394838555
7871.846427346943,0.9879673154050039
7871.876979438942,0.985755752097166
7871.915169937693,0.9876051590358506
7871.952883473642,0.9893644727051871
7871.983436516506,0.9970099476822214
7872.021628203853,1.0079345584289507
7872.059820317616,1.0109353627503783
7872.098012857799,1.012950573343881
7872.128567196975,1.0210531554572735
7872.166760504737,1.0320665570449583
7872.2049542389395,1.0476357996481744
7872.235509533341,1.0380580937074242
7872.273704035157,1.0342741229989516
7872.311898963429,1.0423216600714802
7872.35009431817,1.0472209069390161
7872.38065090902,1.0474139181398254
7872.4188470314175,1.057385300023687
7872.457043580302,1.0570770720824905
7872.487601126481,1.0453521529419427
7872.525798443055,1.0312784679142009
7872.563996186133,1.0157345945889245
7872.602194355722,1.0045771378459252
7872.632753198486,0.9998595692285213
7872.670952135813,1.0074945356945741
7872.709151499669,1.0059999538139524
7872.739711297861,1.0112904900007724
7872.777911429489,1.0338171984232183
7872.816111987666,1.0492880824644215
7872.846672741326,1.056691535655017
7872.884874067308,1.0625915495979772
7872.92307581986,1.0481116731374247
7872.961277998985,1.0203580003998312
7872.991840049422,0.997289712187512
7873.029565456928,0.9765719412195195
7873.067768825165,0.9719587022197196
7873.098331826906,0.9743526644547527
7873.136535963029,0.9771678285053269
7873.174740525765,0.976311600409159
7873.21294551512,0.9895707496983088
7873.243509813775,1.0079251502152093
7873.281715571058,1.0178238561777677
7873.319921754983,1.021925350554766
7873.350487009307,1.030346760044309
7873.388693961196,1.036017905995065
7873.426901339742,1.0375685851411853
7873.457467549776,1.031605424750478
7873.495675696323,1.03102340013334
7873.5338842695455,1.0325417097740048
7873.572093269449,1.031650986189838
7873.602660776589,1.0346615286168135
7873.64087054454,1.0422896398507173
7873.679080739192,1.0360148102516236
7873.709649202142,1.0299790020767925
7873.747860164874,1.008470725090293
7873.786071554327,0.9976544144420694
7873.824283370505,1.0001189407810478
7873.854853130698,1.0024348106571166
7873.893065715001,1.0016601982248299
7873.931278726053,0.9984977618654665
7873.961849442158,1.0042068539575473
7874.000063221369,1.012016836318892
7874.038277427347,1.0088600110443986
7874.076492060094,1.001320539565151
7874.107064073574,0.9974795531191585
7874.144801779381,0.9918028587773362
7874.183017601792,0.9838582801947666
7874.213590567015,0.9749407665079364
7874.251807157666,0.9738384840768286
7874.290024175127,0.979018989788754
7874.320598096402,0.9815680338940456
7874.358815882137,0.9914849533363441
7874.397034094699,0.9894452136018279
7874.435252734099,0.9975425915780931
7874.465827952941,1.0040234952038087
7874.504047360661,1.0041815125032252
7874.542267195233,1.000609580983892
7874.572843370232,1.0010150932061483
7874.61106397316,1.0193896877982491
7874.64928500296,1.0199700369940412
7874.68750645964,1.0111502431708366
7874.718083932343,1.013646187560966
7874.756306157425,1.025483771755151
7874.794528809402,1.0274005286208283
7874.825107238358,1.0355283628881913
7874.863330658773,1.0427982100490238
7874.901554506106,1.0420627488843608
7874.932133891356,1.035313548502024
7874.970358507157,1.0201575505538658
7875.008583549896,1.0213364914570704
7875.046809019576,1.036193095435968
7875.077389702726,1.0350303485244343
7875.115615940921,1.0255114418226459
7875.15384260608,1.0157880079664021
7875.184424245625,1.0184335162931695
7875.222173833775,1.018357041306615
7875.260401689126,1.007059392036442
7875.298629971467,0.9999692615224829
7875.329212904772,1.0041877993288493
7875.367441955707,1.0133956472777483
7875.405671433649,1.0192559526225538
7875.436255323453,1.005361115329703
7875.474485570025,0.9904624752554694
7875.512716243619,0.9748561583471131
7875.55094734425,0.9690507078892907
7875.581532532221,0.9738010371932713
7875.6197644015265,0.9793033162153981
7875.657996697882,0.9948692545271276
7875.6885828424465,1.0060147546628249
7875.726815907513,1.0059223200233105
7875.765049399651,1.0147572705355927
7875.795636500852,1.0104385259358835
7875.833870761733,0.9976278514762518
7875.872105449704,0.9858889029320206
7875.910340564768,0.9875183295348546
7875.940928964335,1.002879394438983
7875.9791648481905,1.0177757115342518
7876.01740115916,1.0076220551386166
7876.047990515464,0.995414586808776
7876.086227595259,0.992465027781934
7876.124465102186,1.0020927655537364
7876.162703036256,1.003705428327083
7876.193293691057,1.010349150003538
7876.231532393996,1.0083464914458613
7876.269771524096,1.008100717175651
7876.300363135734,1.0030822076746209
7876.338125033364,1.0059294829805727
7876.376365354207,1.0031134429987298
7876.4069579184525,0.9998402895617502
7876.445199008233,0.9942075255913112
7876.483440525212,0.9848952970195317
7876.521682469394,0.9977710742176711
7876.552276332331,1.0017267863010981
7876.590519045498,1.008377938511458
7876.628762185888,1.0188693370004593
7876.659357005807,1.0184000678644123
7876.697600915215,1.0117891155782868
7876.735845251865,1.0168828964530119
7876.774090015766,1.0195377784160684
7876.80468613451,1.0251035308688468
7876.842931667475,1.0317368685715227
7876.881177627707,1.0248983048935376
7876.911774703531,1.028364054050529
7876.950021432863,1.021875865429664
7876.988268589482,1.0238562502475967
7877.026516173392,1.0451470563119252
7877.057114548177,1.0496869339689954
7877.0953629012365,1.0430652585042017
7877.133611681606,1.0539343679597601
7877.16421101357,1.0605774097167189
7877.20246056312,1.0455768910808678
7877.240710540002,1.041002087859358
7877.27131082919,1.0420711172155352
7877.309561575282,1.0429206890817568
7877.347812748729,1.0175059757965563
7877.38606434953,1.0012774702316656
7877.416187785952,1.0047568571936984
7877.454440150672,1.0012396389666725
7877.492692942768,1.0012036221815068
7877.52329548416,1.010273912926425
7877.56154904555,0.996999115577329
7877.599803034334,0.9900757577536381
7877.63805745052,0.9856000390960902
7877.6686612912035,0.9791116712868013
7877.706916476731,0.9640800114876944
7877.745172089675,0.9654799524428757
7877.775776887782,0.973131261069228
7877.814033270103,0.9702843233391225
7877.852290079865,0.9381011797189738
7877.882895835433,0.9290524176974715
7877.921153414603,0.9458100129344293
7877.959411421232,0.94963500971023
7877.997669855325,0.947031928463542
7878.028276910381,0.9340348509103142
7878.066536113928,0.9329687757824472
7878.104795744961,0.9400353246639741
7878.13540375758,0.9467183468661786
7878.173664158101,0.9605140768016718
7878.211924986126,0.9602727890584912
7878.25018624166,0.9640811583333935
7878.2807955539,0.9633472660567943
7878.31905757897,0.9761401072429654
7878.357320031569,0.9946723961707633
7878.387930301474,1.0125962699512887
7878.426193523641,1.0203116003003305
7878.464457173358,1.0138949573553042
7878.502242947023,1.0079475942026532
7878.532854512408,1.011426249639045
7878.57111935395,1.0140888680650597
7878.609384623067,1.0104154563557481
7878.639997146215,1.008869784715674
7878.67826318498,1.0086900654263868
7878.716529651339,1.0001799232816413
7878.747143132296,1.0071809126946218
7878.785410368337,1.0205196034097175
7878.823678031989,1.0262262055338165
7878.861946123261,1.0186517666033787
7878.892560904168,1.0076976980480532
7878.930829765168,0.9854635700948828
7878.969099053807,0.9876600170205605
7878.999714792621,0.9966802555759393
7879.037984851025,1.0175418650367882
7879.076255337085,1.0393081397096544
7879.114526250806,1.037356486479998
7879.145143289706,1.0250567459423996
7879.1834149732385,1.0181476661491684
7879.221687084454,1.0185178464602607
7879.252305081361,1.024719214668099
7879.290577962421,1.028348945668231
7879.32885127118,1.0299122783395547
7879.359470226139,1.0266256932984383
7879.397744304776,1.0235883439241293
7879.436018811135,1.0306288630812879
7879.474293745222,1.026911350071831
7879.504914000459,1.0199063940289341
7879.54318970447,1.0148235069189468
7879.581465836224,1.0134005328076272
7879.611608591048,1.0112537623448328
7879.649885487418,1.0027236805361968
7879.688162811551,1.0039226000189831
7879.726440563457,1.0180211464936364
7879.75706307298,1.0291159646523325
7879.79534159489,1.0194953228437786
7879.833620544591,1.0199054588614822
7879.864244012365,1.0249207231972663
7879.902523732106,1.0263880511056158
7879.940803879656,1.0156405700211522
7879.979084455022,0.9967042911258073
7880.009709223346,0.9950606897759562
7880.047990568799,0.9966292308554521
7880.086272342085,1.0059430133333427
7880.116898068761,1.0150231309170525
7880.155180612168,1.0132943940856292
7880.1934635834305,1.0126069637802206
7880.224090268499,1.0189204300835457
7880.262374009916,1.022465878244397
7880.300658179203,1.0259544044824276
7880.338942776371,1.0310354107287318
7880.3695707621855,1.0417684683136748
7880.407856129556,1.0430558238440293
7880.446141924823,1.0240954873610018
7880.47677086913,1.0168117136154906
7880.515057434632,1.0122559468540688
7880.553344428054,0.9952048018419579
7880.591631849399,0.9855585291629927
7880.622262094584,0.9754000146213224
7880.660550286211,0.9712409650013707
7880.698360295397,0.973558939650415
7880.728991494898,0.9720124190123574
7880.767280879433,0.9762713342209208
7880.805570691933,0.9789812690569502
7880.83620285007,0.9761098171773086
7880.874493432916,0.9794217175764752
7880.912784443746,0.9984873820740743
7880.9510758825645,1.0082158201480032
7880.981709341776,1.0147655416359853
7881.020001550988,1.0141927112609197
7881.058294188208,1.0296624090225321
7881.088928606156,1.0310646057592503
7881.127222013808,1.0283624624185654
7881.165515849486,1.0148398025895125
7881.203810113194,1.0102794804114614
7881.234445832351,1.0086337317205145
7881.272740866538,1.0188368415516764
7881.311036328778,1.0193200619140317
7881.34167300677,1.0100170672118818
7881.379969239519,0.9971967344542183
7881.418265900339,0.9911851312054742
7881.456562989238,0.9925128444799651
7881.487200968577,0.9978828662476436
7881.525498828031,1.0086224837969011
7881.563797115584,1.0119640981418114
7881.59443605386,1.0053756348100864
7881.632735112001,1.0026264871386799
7881.67103459826,0.9998858814523812
7881.701674495515,1.0005597057845874
7881.7399747524,1.0098854674893676
7881.778275437419,1.0136607120615084
7881.8160977840225,1.0119299497131793
7881.846738978536,1.014256521467411
7881.885040857017,1.0105127324575405
7881.923343163656,1.0118155003631257
7881.953985317249,1.00414014039516
7881.992288394597,1.005798358496578
7882.030591900123,1.0100145814475254
7882.068895833834,1.0174889899937942
7882.099539289104,1.0253104137846831
7882.137843993569,1.0319348821622027
7882.176149126238,1.011176956702595
7882.206793540686,0.9946086975405153
7882.245099444141,0.9875821198255295
7882.283405775823,1.0000975125181581
7882.314051149493,1.0149098398311676
7882.352358251996,1.0200265207323165
7882.390665782738,1.0222126887913319
7882.428973741733,1.0183912300152194
7882.459620417274,1.0165766390423359
7882.497929147136,1.027532008367308
7882.536238305266,1.0330538212211222
7882.566885940129,1.0257497367327464
7882.60519586916,1.0196074907986945
7882.643506226482,1.0138758012248188
7882.681817012097,1.0079944541450125
7882.712465948964,1.0163210203234887
7882.7507775055265,1.0332406262976797
7882.789089490404,1.0329180217289995
7882.819739386694,1.0235583186339772
7882.858052142553,1.003241510171068
7882.895886409298,0.9958724070279346
7882.934200016475,0.9841355479117107
7882.964851210624,0.9909012451685419
7883.00316558883,0.9931058929906038
7883.041480395394,0.9814688398780147
7883.072132549067,0.983567144283467
7883.110448126692,0.9891926840421073
7883.148764132695,0.9925190876935852
7883.179417245934,0.9937440277796552
7883.2177340230355,1.0001774279318993
7883.256051228531,1.010411931552871
7883.294368862431,1.0149964177786794
7883.3250232780065,1.020303210225889
7883.36334168305,1.0262333506708232
7883.401660516516,1.0253828003884422
7883.432315891756,1.0302667149825673
7883.470635496398,1.0361565405365767
7883.5089555294835,1.034623029552059
7883.547275991015,1.0341790556329646
7883.577932668727,1.0401802683582255
7883.616253901484,1.0405935161896411
7883.654575562708,1.0393896836128047
7883.685233200189,1.0470288201389193
7883.723555632669,1.0553419297536095
7883.761878493636,1.0521181543099665
7883.800201783097,1.0500748384049254
7883.830860723186,1.05267153237727
7883.869184783952,1.0581258043780746
7883.907509273228,1.0793213261362444
7883.938169173184,1.0845326838935072
7883.976494433799,1.0794335788659797
7884.014341049186,1.0676669606556313
7884.045001904766,1.0588392740121182
7884.08332835993,1.0501173048108903
7884.121655243643,1.057421006796648
7884.159982555912,1.0572829855541894
7884.190644714294,1.0496734115825253
7884.228972797982,1.0523711537183804
7884.267301310248,1.0400809724364155
7884.297964428638,1.0331057380700706
7884.336293712357,1.020965900244092
7884.374623424671,1.0082993080299592
7884.412953565587,1.0040854767358487
7884.443617986914,1.0009831740183592
7884.481948899331,0.9905088419324815
7884.520280240366,0.9829685179662688
7884.550945621807,0.9849833094997418
7884.589277734377,0.9837357664042639
7884.627610275586,0.9743663908850446
7884.65827661718,0.9777017475693646
7884.696609929957,0.9822949022529979
7884.734943671395,0.9749049220793662
7884.773277841497,0.9761785723087311
7884.803945486221,0.9849678849714376
7884.842280427939,0.9796037543575362
7884.880615798341,0.9784906836935752
7884.911284403318,0.9757688351956344
7884.94962054537,0.9775557872086282
7884.987957116125,0.9827869406587979
7885.026294115591,0.982863844665073
7885.056964023839,0.9843752761221396
7885.094822570212,0.9898566539519094
7885.133160764744,1.0114667603697298
7885.163831629058,1.0320672455306692
7885.202170595318,1.0361122774888025
7885.240509990328,1.0370817406533828
7885.278849814093,1.0430042515654645
7885.309521981812,1.0454323152362441
7885.347862577352,1.048973519059837
7885.386203601667,1.0450964915068168
7885.416876729841,1.027652694511076
7885.455218525967,1.0215478281683612
7885.493560750885,1.0236967885024826
7885.524234839554,1.0322049788325853
7885.562577836318,1.0447512890706738
7885.600921261895,1.053106970518883
7885.63926511629,1.0575469781522122
7885.669940508558,1.049239886584041
7885.708285134845,1.0431204589681147
7885.746630189968,1.0304274757563396
7885.777306542836,1.0215548704583406
7885.815652369884,1.02956902960791
7885.853998625792,1.0298912256847086
7885.892345310563,1.0350210246171248
7885.923022967168,1.0410749230970457
7885.961370423911,1.039388446489537
7885.999718309536,1.0407523662929823
7886.030396926837,1.0421653244167164
7886.068745584469,1.0459792937481243
7886.107094671003,1.0572914895385823
7886.137774249044,1.058615471449016
7886.17612410762,1.0475101850046358
7886.213995013876,1.0453355329938372
7886.252345724937,1.0546330281031535
7886.28302660262,1.0542874800912978
7886.321378085769,1.0566549071904596
7886.3597299978655,1.0575571279310967
7886.390411836389,1.0452130351416165
7886.428764520606,1.0455943803786196
7886.46711763379,1.0394272288009825
7886.505471175946,1.0351398248376276
7886.5361543185345,1.0283247782573783
7886.574508632859,1.0290247680543902
7886.612863376176,1.0270867925822191
7886.643547479706,1.0061646187878834
7886.681902995225,0.965718566326295
7886.720258939752,0.9656418507527009
7886.758615313298,0.9683361562840052
7886.789300721032,0.9660724286991655
7886.827657866828,0.9706101983552271
7886.8660154416575,0.9755868013666229
7886.896701810434,0.9837924892796202
7886.93506015755,0.9920385826097522
7886.97341893372,0.9909146004845812
7887.004106263579,0.9973054735582416
7887.042465812066,1.0050133867597022
7887.08082578963,1.0131726440759192
7887.119186196273,1.0252188270708333
7887.149874830532,1.023566639084854
7887.188236009539,1.0174763197719148
7887.226597617647,1.015287583851352
7887.25728721309,1.015379943993105
7887.295170061192,1.0252741440645776
7887.333532865453,1.0200122942330077
7887.371896098842,1.0128269130905048
7887.402586994528,1.0231707889546278
7887.44095100036,1.0362581644895412
7887.479315435338,1.041128623219726
7887.510007292311,1.0302245704427722
7887.548372499768,1.0331286397658412
7887.586738136389,1.0380379808470208
7887.617430954688,1.0273036348202222
7887.655797363822,1.0173951716297542
7887.694164202142,1.0074664621918052
7887.73253146965,1.0105332839484946
7887.7632255926765,1.0151411008423514
7887.801593632745,1.0147157451577895
7887.839962102023,0.9964221483920708
7887.87065718648,0.9799196420377447
7887.909026428349,0.9721489863967836
7887.94739609945,0.9778963354617414
7887.985766199787,0.9899075178537919
7888.01646258911,0.9936969104336111
7888.054833462083,0.993743691223032
7888.093204764313,0.997513693651084
7888.123902115165,1.003222769843168
7888.16227419007,1.0001785320838368
7888.200646694249,1.0045543269948876
7888.239019627707,0.9966023177053676
7888.26971828356,0.9966425751672909
7888.30809198974,0.9999544380755625
7888.34646612522,1.0142899274676263
7888.377165742701,1.01838722450746
7888.415060961936,1.0090126914710715
7888.453436294124,1.0013191002879989
7888.484136868985,1.0098630594999793
7888.522512973963,1.0072913123974414
7888.560889508277,0.998230518331036
7888.599266471935,1.0004850962318805
7888.629968351993,0.994916244668884
7888.668346088488,0.9968156969372322
7888.706724254346,1.0037690560090384
7888.73742709618,1.0090042592151398
7888.775806034909,1.0166078340274673
7888.814185403018,1.0129093667935367
7888.852565200518,1.0059798892752205
7888.883269347684,1.0210791596005613
7888.921649918103,1.0413669456257788
7888.960030917927,1.044298709603972
7888.990736026966,1.0336502110747492
7889.029117799744,1.0290182943943378
7889.06750000195,1.0193569072295607
7889.098206072905,1.0126398528983633
7889.136589048096,1.010250118475695
7889.174972452733,1.013282695624974
7889.213356286824,1.015865386283253
7889.2440636633055,1.0169887970690061
7889.282448270428,1.0095553041313656
7889.320833307023,0.9947778696452017
7889.351541645526,0.9965749330823337
7889.389927455188,1.003942994317073
7889.428313694341,0.9875337530782875
7889.466700362993,0.9611798407759036
7889.496930166853,0.9538331120519699
7889.535317603249,0.9581346572872094
7889.573705469163,0.9659901171260037
7889.604416071151,0.9758304025947786
7889.642804710213,0.9881576275701509
7889.681193778809,0.9921362485246528
7889.719583276949,1.0077435274204756
7889.750295184737,1.0162094473218057
7889.788685456073,1.0173899202920589
7889.82707615697,1.009285902376808
7889.857789026976,1.003786987325464
7889.896180501101,1.0146170726367083
7889.934572404809,1.0372574688831684
7889.965286237078,1.0467386420428892
7890.003678914047,1.0426472733172787
7890.0420720206175,1.0351168381988634
7890.080465556795,1.0278042933304143
7890.111180695059,1.0202713114565503
7890.149575004544,1.025664969460629
7890.18796974366,1.0251689570437668
7890.218685844285,1.0218785916997086
7890.257081356743,1.0037580901188479
7890.295477298845,0.9715668433843994
7890.333873670599,0.9539180371245068
7890.364591077357,0.9467183045734135
7890.402988222503,0.9411194298225389
7890.441385797319,0.9503405057947887
7890.472104166539,0.958222807666339
7890.510502514781,0.9651647870557032
7890.548901292714,0.9773726696752356
7890.579620624441,0.9808052818960997
7890.617540178787,0.9931025313350124
7890.655940154516,0.9936231073906563
7890.694340559961,0.9918740133525918
7890.725061193717,0.9889856792662175
7890.763462372668,0.9968282118216285
7890.801863981355,0.9929091383584694
7890.832585577718,0.9977585728949412
7890.870987959944,1.015697592690773
7890.909390771925,1.0285128434560455
7890.947794013667,1.0205572404927976
7890.978516916493,1.0045457816629477
7891.016920931821,1.0039918360893512
7891.05532537693,1.008640327379752
7891.086049242464,1.0046131361516533
7891.124454461194,1.0043157917109082
7891.1628601097245,0.99357811840646
7891.201266188059,0.990207495057839
7891.231991360192,0.9962503764184434
7891.270398212196,1.0114057574206108
7891.308805494025,1.007047809719652
7891.339531628965,1.0012205228537936
7891.3779396844975,0.9837426482162277
7891.416348169872,0.9910649258227295
7891.447075267666,1.0072068609449913
7891.485484526777,1.0275588949183236
7891.523894215751,1.0282138087394035
7891.562304334599,1.0345302637619946
7891.593032739186,1.0150502270593482
7891.631443631815,1.0017763646870563
7891.669854954333,1.0068021374571252
7891.700104173389,1.0010100626286578
7891.738516264351,1.0071987973721048
7891.776928785222,1.017180112899293
7891.815341736006,1.0207338710805818
7891.846072406179,1.017538576523063
7891.884486130829,1.0165992445241145
7891.922900285414,1.031359959155211
7891.953631918636,1.0370774128281735
7891.99204684712,1.0361592152751733
7892.030462205556,1.0178355519089708
7892.061194801875,1.0032419903426422
7892.099610934244,1.004411759747134
7892.138027496586,1.0110683057512584
7892.176444488908,1.0106132562424168
7892.207178392356,1.0129259652027203
7892.245596158655,1.0170207783032414
7892.284014354953,1.0221901234310153
7892.314749221597,1.0259800938801678
7892.35316819191,1.023079110930834
7892.3915875922385,1.0200990547995215
7892.430007422594,1.0057837998346415
7892.460743596501,1.0019824378853524
7892.499164200917,0.999705579642332
7892.537585235376,1.006101704156185
7892.568322372578,1.0255897699790981
7892.606744181133,1.037824646485769
7892.64516641975,1.023064796245497
7892.683589088438,1.019278328056423
7892.714327533038,1.027686283926337
7892.7527509758675,1.0357651443847145
7892.790694547719,1.0320279914049693
7892.821433951418,1.0203489194917774
7892.859858593135,1.003949899722547
7892.898283664958,0.9874628947933526
7892.929024032102,0.9814139235897801
7892.967449878134,0.988457468076609
7893.005876154295,0.9990355262001203
7893.0443028605905,1.0041427934653606
7893.075044535328,1.0127125122189502
7893.11347201588,1.0098561298018878
7893.151899926584,1.0076599813692606
7893.182642564861,1.0063567278209489
7893.221071249858,1.0138937309817728
7893.259500365027,1.0067229475791462
7893.297929910372,1.005128382163114
7893.328673856382,1.0001063755047674
7893.367104176067,1.0063455135809436
7893.405534925949,1.0134186943675303
7893.4362798356,1.0199444756365987
7893.474711359857,1.026400547011004
7893.513143314329,1.0298051774059827
7893.543889187667,1.0352084472302694
7893.582321916547,1.042741783552551
7893.62075507566,1.0513092928176608
7893.659188665018,1.0577549755272708
7893.689935846283,1.0599924255946012
7893.728370210096,1.0546730903729222
7893.766805004167,1.0365338901935552
7893.79755314922,1.0259443972484594
7893.835988717782,1.0304406260121126
7893.874424716625,1.0243564794189377
7893.912380687734,1.0287223990209056
7893.9431301365485,1.034544357910888
7893.981567334835,1.025908648913711
7894.020004963428,1.0208703343025245
7894.050755376127,1.0208063453170781
7894.089193779291,1.0215090800931212
7894.12763261278,1.0174465363382874
7894.166071876602,1.0028426574687082
7894.196823597502,0.9961027626261192
7894.23526363594,0.9963236029669154
7894.27370410473,0.9963693245345528
7894.3044567896195,0.9915949148860146
7894.342898033059,0.9909484752973701
7894.38133970687,0.9955272574423455
7894.412093355792,1.012314995612324
7894.450535804287,1.0190929503701227
7894.488978683172,1.0080141990720177
7894.527421992455,1.0072318896191181
7894.558176949773,1.0030779356961657
7894.596621033787,1.0120562503167034
7894.635065548218,1.0093679511305904
7894.665821469666,0.9991704881235657
7894.704266758864,0.9980854284659346
7894.742712478496,0.9948822399590402
7894.781158628572,0.9857668433294458
7894.811915858551,0.9855850413193903
7894.85036278344,0.9909704810547939
7894.888810138788,0.9915001063851356
7894.919568333004,0.9952847149285373
7894.9580164632,0.9932764405700047
7894.995984414211,0.9841229201205621
7895.026743568397,0.9825379247335029
7895.065192898573,0.9960229555550257
7895.103642659249,0.9919042074922946
7895.142092850432,0.9958622627072289
7895.172853313347,0.9925676069136264
7895.211304279455,0.9838825985106019
7895.249755676094,0.9852240572659872
7895.280517103385,0.9872202718224976
7895.318969274984,1.002023718850054
7895.357421877128,1.0098597083691614
7895.395874909822,1.0145621104014224
7895.426637645979,1.0215655920721298
7895.465091453683,1.0272304019417062
7895.503545691958,1.022396325253659
7895.534309392592,1.0110115729217217
7895.572764405912,1.003007890140011
7895.611219849821,1.0001462239789265
7895.649675724326,1.0120373588043483
7895.680440733962,1.0135822444793041
7895.718897383558,1.0044940505587292
7895.75735446377,1.0098374708680893
7895.788120437988,1.006782813491921
7895.826578293325,1.0083910181452231
7895.865036579295,1.014170332859331
7895.895803518134,1.010197524722533
7895.934262579264,1.0076596381239653
7895.97272207105,1.0199686934628776
7896.011181993495,1.0314705867339338
7896.041950241533,1.0297743942613302
7896.080410939185,1.0298743674427342
7896.118391300755,1.0317269574842491
7896.149160509207,1.0288015347239476
7896.187622407397,1.0307029946785584
7896.226084736286,1.0274213860545394
7896.264547495881,1.027264607383434
7896.295318013667,1.033128436803584
7896.333781548549,1.0326624504422126
7896.372245514157,1.0255228765317022
7896.403016996767,1.0259202407577386
7896.441481737697,1.0242226539073642
7896.479946909371,1.0272464253299305
7896.510719356848,1.0236496622114202
7896.549185303878,1.0033754710023552
7896.58765168167,0.9913291569386311
7896.626118490233,0.9851557439949465
7896.656892247243,0.9752979842424558
7896.69535983121,0.969742310324909
7896.7338278459665,0.9692006503482284
7896.764602567942,0.9722041295249546
7896.803071358136,0.9848823123027493
7896.8415405791375,0.99298283695633
7896.880010230954,0.9907934265217515
7896.910786262599,0.9894262582188891
7896.9492566899,0.9819359321579058
7896.987727548036,0.9806647543081095
7897.018504544751,0.9721550884565033
7897.0569761784045,0.972213404752478
7897.095448242913,0.9743790008818052
7897.133920738283,0.9822508215223746
7897.164699044803,0.9841452945803302
7897.20269139719,1.0028082004226575
7897.24116509362,1.0104659446300148
7897.271944361,1.0146608769667589
7897.310418833028,1.0172664598557182
7897.348893735955,1.0014017954766565
7897.37967396855,0.9847422688468064
7897.418149647112,0.9775723416550655
7897.456625756592,0.9840694919701618
7897.495102296995,0.9926523761359658
7897.525883839589,1.002871353398332
7897.564361155676,1.0043589185878328
7897.602838902706,1.0094241761379557
7897.633621410614,1.0142925733136903
7897.672099933359,1.012517528155519
7897.710578887069,1.0234120851584703
7897.749058271747,1.0234108494032088
7897.779842089792,1.0131897141487887
7897.818322250233,1.0017577867134762
7897.856802841665,0.9992575053259052
7897.887587625127,1.0086496845942774
7897.926068992355,1.0213479210613172
7897.96455079059,1.0305407066363061
7897.99533653951,1.0322813249784397
7898.033819113579,1.0314159278046782
7898.072302118673,1.0307712765062258
7898.110785554802,1.0270701289460982
7898.141572614055,1.0274850581580632
7898.180056826063,1.0361913343005071
7898.218541469126,1.033915816483228
7898.249329493937,1.0218195032701551
7898.287814912913,1.009277831501097
7898.325819687174,1.003430200402081
7898.364305962911,0.9890574900377578
7898.395095293882,0.9856167242220708
7898.433582345581,0.996515338292244
7898.472069828378,0.9897267774572573
7898.502860125011,0.9745555218630193
7898.541348383802,0.9688857223404286
7898.579837073709,0.9795500291440238
7898.618326194743,0.9930293478851975
7898.649117801984,0.9978396373809277
7898.687607699056,1.0055109550713424
7898.726098027274,1.0175181729978784
7898.756890600277,1.0224896032337598
7898.795381704572,1.0073041634738675
7898.833873240026,0.999330889100474
7898.864666778833,0.9967825510542236
7898.903159090401,0.9974135477490711
7898.94165183315,1.0040513583252122
7898.980145007088,1.014115426282884
7899.010939856697,1.0124510635498718
7899.049433806792,1.0061124963501598
7899.087928188095,1.0080035783756238
7899.118724003612,1.0042278554884196
7899.157219161106,0.990674242502823
7899.195714749828,0.974548834224934
7899.234210769783,0.9901099800039492
7899.265007896242,0.9951742223500424
7899.303504692435,1.0090282003249649
7899.342001919883,1.030129552192336
7899.372800012349,1.0336949734087213
7899.41081678836,1.0387722607022374
7899.449315217962,1.0443023814473333
7899.480114272164,1.0329197193556947
7899.518613478074,1.023754505144875
7899.557113115276,1.0150251734362274
7899.595613183774,1.012407709968852
7899.626413549113,1.015422856987661
7899.664914393968,1.0235111671682566
7899.703415670138,1.0220644649218666
7899.734217001628,1.0277301583002219
7899.772719054189,1.0461591308754044
7899.811221538086,1.0522551573147947
7899.849724453326,1.0550604866024829
7899.880527096089,1.0466764107380757
7899.919030787765,1.0360113805422388
7899.9575349108045,1.0343882946171847
7899.988338519823,1.0388919491944852
7900.02684341933,1.0517523095804107
7900.065348750222,1.065640856861963
7900.103854512503,1.062482018204065
7900.134659432931,1.0497853604052556
7900.17316597173,1.0365348682197202
7900.211672941933,1.037395700161068
7900.242478828715,1.0289814861490407
7900.280986575474,1.0204935102976591
7900.319494753659,1.0111292684822115
7900.350301606836,1.001012042046859
7900.388810561607,0.9994691794771409
7900.427319947825,1.0010871975950604
7900.465829765495,1.0007811882706548
7900.49663793028,0.9939558166326621
7900.534667139493,0.978788217688864
7900.573178159875,0.980400173143652
7900.603987286844,0.9783365816444725
7900.642499083894,0.9824606356350993
7900.681011312437,0.9679131274978687
7900.719523972477,0.9580685556601436
7900.750334411193,0.9498021034166204
7900.788847847945,0.9388769249046502
7900.827361716218,0.9419638243154593
7900.858173121534,0.9474360826322688
7900.896687766553,0.9494066783965409
7900.935202843109,0.950908615333881
7900.9737183512125,0.971740579121843
7901.00453106841,0.988451294449155
7901.043047353307,0.9881102887196975
7901.0815640697665,0.9908898753559028
7901.112377753664,0.9894010159517712
7901.150895246956,0.9983198344720199
7901.189413171828,1.0024049902403915
7901.22022782247,1.0024207406030794
7901.258746524208,0.9934189063559835
7901.297265657547,0.9919089190776453
7901.335785222494,1.0002568728477534
7901.366601185213,0.9996584577485164
7901.405121527073,0.994943779566761
7901.44364230056,0.986868202847913
7901.474459230126,0.9791469615851076
7901.512980780557,0.9751179085745563
7901.551502762637,0.9975559169531718
7901.590025176371,1.0173459488969245
7901.620361881,1.0216976799704955
7901.65888506633,1.0251998593142728
7901.697408683333,1.0219081844422446
7901.728227887744,1.0254839702711724
7901.766752281775,1.0322511595915889
7901.805277107498,1.0171994363099341
7901.836097278898,1.0060219289396823
7901.8746228816835,1.0083234257733809
7901.913148916181,1.0107781167998393
7901.951675382393,1.0153510094258205
7901.982496866207,1.0177939349801988
7902.021024109529,1.0175646374802716
7902.05955178459,1.0036831039557892
7902.090374235494,0.9875826030672514
7902.1289026876975,0.9723238983965308
7902.167431571659,0.9779204089606601
7902.205960887381,0.9806797614978833
7902.236784650835,0.9815442408373045
7902.27531474375,0.9673945815208971
7902.313845268446,0.9661035251349492
7902.344669999091,0.9606936848301919
7902.383201301014,0.9666188046064048
7902.421733034736,0.9738500077883525
7902.460265200269,0.9743821317270693
7902.491091243602,0.9678775084683244
7902.529624186406,0.9515018313474091
7902.568157561039,0.9450447775036834
7902.598984571664,0.96098292628337
7902.6375187236035,0.9741173791031945
7902.67605330739,0.9741286253997345
7902.706881285353,0.9646682463395164
7902.744934951801,0.9512907018399341
7902.783470739397,0.9431147123009369
7902.822006958866,0.9373360401661244
7902.852836245392,0.9308040237231423
7902.891373242251,0.9214426488439373
7902.929910670998,0.9260705575956405
7902.960740924963,0.9319997952531867
7902.999279131134,0.9458259174234533
7903.037817769218,0.969014007257011
7903.076356839219,0.9881042342692341
7903.107188406206,1.0002881904249559
7903.145728253677,1.0164183002783127
7903.184268533085,1.0193175275291984
7903.21510106761,1.0172766291160538
7903.253642124524,1.008000574189994
7903.292183613395,0.9960797333563485
7903.323017115503,0.9869630440955623
7903.361559381911,0.9828074085063527
7903.400102080296,0.9691178261804039
7903.438645210662,0.958170007480792
7903.469480025989,0.9442388386016041
7903.508023933941,0.950379725860935
7903.546568273896,0.9483757762084954
7903.577404056907,0.9496241585144305
7903.615949174484,0.9579319160365525
7903.65449472408,0.9731078357095448
7903.693040705705,0.9818797383292646
7903.723877802071,0.9800602479969016
7903.762424561363,0.9825550232831506
7903.800971752703,0.9798983495441653
7903.831327969975,0.9881415344449884
7903.869875933616,0.9986936532698805
7903.908424329324,1.0036656840047367
7903.946973157106,1.015359715007284
7903.977812530427,1.024135347743852
7904.016362135959,1.0262579871608064
7904.05491217358,1.0359348120813605
7904.08575251479,1.0323057529296964
7904.124303330197,1.0283534594116917
7904.162854577716,1.021223268371599
7904.193695886855,1.01408811072202
7904.232247912192,1.005417394610462
7904.270800369658,1.0098724425294923
7904.309353259266,1.020031557658742
7904.340195882092,1.022498186836817
7904.3787495495635,1.0185378877584936
7904.417303649192,1.0059822731558605
7904.448147240053,1.0039663012056432
7904.486702117581,1.0034794256617097
7904.5252574272845,1.0012907563659987
7904.563813169171,0.9989480541717624
7904.594658073858,0.995073529009594
7904.633214593692,0.9991578136983128
7904.671771545728,0.9971720891287494
7904.702617418549,0.9933721115936711
7904.741175148567,0.9942251197968948
7904.779733310807,1.002605454655144
7904.810580151804,1.002001926481841
7904.84913909206,1.0074777607715024
7904.887698464558,1.0193368069439182
7904.926258269303,1.0336547386036203
7904.956624419772,1.0306385226105883
7904.995184997177,1.0154741844369262
7905.0337460068495,1.0093164160550887
7905.064595125824,1.0004897739598322
7905.103156913592,0.9778358446337283
7905.141719133649,0.9615805718628376
7905.180281785997,0.9658962054199751
7905.211132219133,0.9749953636628699
7905.249695649627,0.9818215330268516
7905.288259512433,0.9924764965601445
7905.319110913947,1.0063465910792917
7905.357675554933,1.0071029848909334
7905.396240628249,1.0090224385469762
7905.434806133904,1.0093302160101518
7905.465658849716,1.014378380887368
7905.504225133599,1.0234721789638883
7905.542791849838,1.0123437131015895
7905.573645534132,1.0130775053805692
7905.612213028633,1.0110615364328437
7905.65078095551,1.0097561628184446
7905.681635608329,1.0090087907594658
7905.7202043135,1.0166327808878333
7905.75877345107,1.0239421661192734
7905.797343021043,1.0188267747316475
7905.828198988355,1.0123456865822449
7905.866769336671,1.012747521535821
7905.905340117409,1.0333265124882574
7905.936197053347,1.049211190239501
7905.974768612462,1.0464482502920271
7906.013340604018,1.043126739629658
7906.051430870054,1.0384274171354555
7906.082289116302,1.0223966176099508
7906.120862313325,1.0158571301201427
7906.159435942815,1.0092096470786855
7906.19029515779,0.9963534046948659
7906.228869565741,0.9875498207754954
7906.267444406178,0.9919726482800024
7906.29830458992,1.0010115615338595
7906.336880208853,1.007529648674914
7906.375456260288,0.9961334810272624
7906.414032744238,0.983431810190267
7906.444894242812,0.965414069517732
7906.483471505303,0.9312456298799876
7906.522049200325,0.9237944234925672
7906.552911667771,0.9264937294728262
7906.591490141368,0.9428901457219396
7906.630069047518,0.9589020751568997
7906.668648386226,0.9795107437119421
7906.699512168638,0.9843044043395279
7906.738092285968,1.0040486095123464
7906.7766728358765,1.011112030873407
7906.807537587262,1.0047060362783997
7906.846118915829,1.000324033401005
7906.884700676989,1.0040291624897204
7906.923282870755,1.014076595027457
7906.954148937248,1.0180352022376333
7906.992731909716,1.020362334018534
7907.031315314809,1.025297103218484
7907.062182350376,1.0196286937157129
7907.100766534209,1.0224290031051748
7907.138868840307,1.0155924108475665
7907.169736840665,1.004870153021407
7907.208322230505,0.9972615501197475
7907.246908053005,0.9835663756694617
7907.285494308174,0.9854302178163521
7907.316363623835,0.985802889203125
7907.354950657823,0.9948761060934834
7907.393538124502,1.0174408545410565
7907.4244084093825,1.0347754365770274
7907.462996654915,1.0336456593507404
7907.501585333153,1.030967970964675
7907.540174444107,1.0218303509363222
7907.571046044426,1.0262889752883866
7907.609635934283,1.0219213904314166
7907.648226256871,1.0178109865158287
7907.679098826513,1.0174933267703028
7907.717689928037,1.0253914088108904
7907.756281462314,1.0212393912761812
7907.787155001322,1.0175933226452745
7907.825747314571,1.0111622351199514
7907.864340060593,1.0192800804823088
7907.90293323939,1.0180302529698002
7907.933808094035,1.0076708883890464
7907.972402051852,0.9987222119403631
7908.010996442467,1.0076968178231638
7908.041872266578,1.0178071554927874
7908.080467436246,1.039058775577759
7908.119063038734,1.0409170174906348
7908.1576590740415,1.0325073759743284
7908.188536213927,1.0268562941303636
7908.227133028338,1.0202565925692486
7908.26524780733,1.0105291478511842
7908.296125912454,1.0061954792915373
7908.334723933432,0.9970817010989377
7908.373322387272,0.9812570256728734
7908.411921273981,0.9593259273013031
7908.442800695018,0.9459570110983311
7908.481400360909,0.9385781075205093
7908.52000045969,0.9343168848153303
7908.550880850397,0.9328947864641548
7908.589481728394,0.9320107705602079
7908.628083039298,0.9484260516827319
7908.65896439972,0.9639285532657085
7908.6975664898755,0.977062415782868
7908.736169012959,0.9786073825524457
7908.774771968976,0.9776414220684349
7908.805654645506,0.9838845773836333
7908.844258380824,0.994324119867201
7908.882862549091,1.0051048899406692
7908.913746195438,1.0073001747057124
7908.95235114304,1.0063700059160463
7908.990956523615,1.0070879642361106
7909.029562337168,0.9928698923257149
7909.060447299762,0.9870077731316897
7909.099053892696,0.993053376138419
7909.137660918629,1.0093406939647744
7909.16854685114,1.0113302039904384
7909.207154656489,0.9972473665645398
7909.245762894856,0.9829735489590741
7909.276649797326,0.9755629915285726
7909.315258815142,0.9766146524760593
7909.353385645189,0.9879778077469774
7909.391995523673,1.0022066161249885
7909.422883738257,1.0175451122189814
7909.461494396239,1.012198754074905
7909.500105487285,1.006940628067492
7909.530994671931,1.0172543027896817
7909.569606542507,1.0117029985654205
7909.608218846167,0.9953491782065238
7909.646831582916,1.0077454535388228
7909.677722084143,1.0176939193702883
7909.716335600471,1.0230280430494665
7909.754949549908,1.017038592186844
7909.785841021301,1.0096055496026692
7909.824455750349,1.0108964336158184
7909.863070912527,1.0144273251756752
7909.901686507842,1.0130705663465436
7909.9325792959535,1.0117754984637333
7909.971195670929,1.0056234249539138
7910.009812479055,0.9998753615798726
7910.040706237434,0.9940212859775885
7910.079323825257,0.9773297904764437
7910.117941846254,0.9693708199385045
7910.148836574942,0.9702895456396736
7910.187455375669,0.9712055529739789
7910.226074609589,0.9643068992620409
7910.264694276709,0.9722722500952139
7910.295590322314,0.9830324596556066
7910.3342107692115,0.9788289457470498
7910.372831649328,0.9707847174110935
7910.403728665344,0.9681373968100517
7910.442350325272,0.955061624300882
7910.4804896396,0.9485462067414567
7910.519112160596,0.9604802294160795
7910.550010489334,0.9607062029562428
7910.588633790189,0.9646240054947413
7910.627257524308,0.967382583194841
7910.658156823561,0.9687106331434714
7910.696781337574,0.9896493309090613
7910.735406284871,0.9922761817510035
7910.7663065546785,0.9854297775737324
7910.804932281904,0.9770222565309559
7910.843558442433,0.9710244746973467
7910.882185036272,0.975242010683621
7910.913086623332,0.9732893486926717
7910.951713997146,0.96869662389766
7910.990341804291,0.9883937490772643
7911.021244362008,0.9919940059992363
7911.059872949162,0.9832804978446164
7911.098501969665,0.9783995168637578
7911.137131423523,0.9768744938773342
7911.168035298631,0.9794539477826838
7911.206665532547,0.965872648061745
7911.245296199838,0.9574358419195028
7911.276201045706,0.9553117623622998
7911.314832493089,0.954087970831772
7911.353464373867,0.9662984393326031
7911.392096688045,0.980901704940472
7911.423002851441,0.9854700772705276
7911.461635945759,0.9948006677105383
7911.500269473499,1.0126785840485337
7911.531176607756,1.0278884262871475
7911.569327984145,1.027943771755973
7911.60796272008,1.0160400294218774
7911.638870820908,1.0198297279858264
7911.677506337051,1.025233318702467
7911.716142286652,1.0274607703549588
7911.75477866972,1.017806238477498
7911.785688088275,1.0034604864575958
7911.824325251599,0.9920338564536766
7911.862962848408,1.005698998936041
7911.89387323797,1.0139477353621524
7911.9325116150685,1.0077735681970483
7911.971150425673,1.0072595062119056
7912.00978966979,1.0100518952357902
7912.040701377216,1.016096367480812
7912.079341401669,1.008826014444762
7912.117981859653,0.9925892372823637
7912.148894538188,0.9841945447132754
7912.187535776544,0.9796365636602564
7912.226177448452,0.9710979557889665
7912.257091098138,0.9758727101368658
7912.2957335504525,0.9792564866334637
7912.334376436336,0.9795574554937683
7912.373019755796,0.9812641836383429
7912.403934723545,0.97897600902239
7912.442578823459,0.9634066346697796
7912.48122335697,0.9603021515358598
7912.512139295972,0.9673286573544277
7912.550784609972,0.9619856643604003
7912.589430357586,0.9642830758213436
7912.628076538825,0.9849582600283144
7912.658993796023,0.9954516161335811
7912.697157668099,0.999664232003826
7912.735805058094,1.0133156649807367
7912.766723282315,1.026513482866549
7912.80537145288,1.0275823668594284
7912.844020057105,1.018758357835553
7912.882669094998,1.0132275406446
7912.913588637557,1.0083083807974726
7912.95223845607,1.0041192874996026
7912.990888708267,1.0168659460198304
7913.021809222285,1.021859792478908
7913.060460255137,1.0264567937398288
7913.0991117216945,1.0220049358283039
7913.130033207212,1.0211608463463635
7913.168685454458,1.0230391841185165
7913.207338135429,1.014500139889916
7913.245991250131,1.0110722715828733
7913.276914054185,1.0105358021365813
7913.315567949623,1.0151404994527826
7913.354222278813,1.0008137183103085
7913.38514605447,0.9844803188358611
7913.42380116443,0.9779882668375954
7913.46245670816,0.9815300822477577
7913.501112685669,0.9840955277836458
7913.53203778,0.9818187333618384
7913.570694538326,0.989438744156645
7913.609351730449,0.994700979368411
7913.640277796485,0.998728607306405
7913.678935769461,1.0014145035714987
7913.717594176252,1.019851711195401
7913.748521214037,1.0300841758615382
7913.786697159193,1.026390213515819
7913.825356775283,1.0176888096781993
7913.864016825217,1.0346163024111132
7913.894945177534,1.0394643739366338
7913.933606008402,1.0371642802059031
7913.972267273132,1.0411737645107513
7914.003196597302,1.0428271015341988
7914.041858643,1.0424022195447988
7914.08052112258,1.030762139391743
7914.119184036047,1.0214054494294114
7914.150114679226,1.019002260843779
7914.18877837371,1.0206646061883151
7914.227442502101,1.0157616010507493
7914.258374117232,1.0189542241669902
7914.297039026675,1.0311057407577309
7914.335704370044,1.0301644964870986
7914.374370147346,1.0197124531801234
7914.405303081626,1.007598687534502
7914.443969640027,0.9900436716082603
7914.482636632382,1.0051590307604823
7914.513570538715,1.0069833946413345
7914.552238312203,1.0069722688994553
7914.590906519663,1.0054142726480197
7914.621841398095,1.0000196339995908
7914.660510386722,0.9966523082096632
7914.699179809342,0.988413348404465
7914.737849665959,0.9738098496170451
7914.768785863737,0.9584812568862358
7914.807456501571,0.9471665828320164
7914.846127573423,0.9431921593864776
7914.877064743401,0.9432236613970699
7914.915253195659,0.9445230947660936
7914.953925477371,0.9560710866591697
7914.992598193129,0.9769195451282986
7915.02353667825,0.992100692064076
7915.062210175305,0.9942327843881453
7915.100884106421,0.99091257387381
7915.131823563847,0.982388673298344
7915.170498276297,0.9584578223439424
7915.209173422829,0.9478748475427634
7915.240113852598,0.9614288900537773
7915.278789780498,0.9715274713975763
7915.317466142501,0.9662422391964995
7915.356142938611,0.960338742055866
7915.387084688062,0.9635817843204224
7915.425762265587,0.9938984412138991
7915.464440277239,1.0242354186711164
7915.49538299914,1.0365992903109156
7915.534061792241,1.0191247216942432
7915.572741019492,1.006766999956823
7915.611420680896,0.9922662048441289
7915.642364722616,0.9948566203168208
7915.681045165517,1.003927469975842
7915.719726042591,0.9928595898311829
7915.750671056861,0.9830951527700948
7915.789352715468,0.9718476258750794
7915.828034808266,0.9630909739541249
7915.866717335267,0.9527688659404148
7915.897663669495,0.9471217248575152
7915.936346978074,0.9591935490229779
7915.975030720872,0.9777007303578948
7916.005494473945,1.0010576210498723
7916.044178992928,1.0113607947405794
7916.08286394615,0.9959273182834647
7916.113812221384,0.9882477906942408
7916.152497956254,0.9875196031537432
7916.191184125382,0.9809872879822805
7916.229870728776,0.9769638655939838
7916.260820324166,0.9790036094205972
7916.299507709255,0.9869434973216749
7916.338195528629,0.9981068428625992
7916.369146096817,0.9982642888444144
7916.40783469792,0.9919475075541626
7916.446523733327,0.972114652612641
7916.485213203045,0.9573047619695232
7916.51616509153,0.9606645313283835
7916.554855343024,0.9703263916933407
7916.593546028851,0.9814178696576406
7916.624498890234,0.9911187620508262
7916.663190357872,1.0003196249643223
7916.701882259859,1.0053466240480755
7916.740574596204,1.008792636087475
7916.771528778021,1.009677628288114
7916.810221896225,0.9998326013590197
7916.848915448805,0.9833086671385569
7916.879870603624,0.9805008895793363
7916.918564938098,0.9951885231523911
7916.957259706968,0.9965878049616472
7916.988215834833,1.001264469158244
7917.02691138563,1.0197847666285038
7917.065607370846,1.0133247884928993
7917.104303790479,0.9861778621166379
7917.134777526706,0.9692399023727212
7917.173474722888,0.9705781929710704
7917.212172353508,0.9820660657922267
7917.243130770809,0.9840732921233026
7917.281829183442,0.9836927093068948
7917.320528030536,0.9920672720890962
7917.359227312097,0.9939679983483889
7917.390187050166,0.9944473261193738
7917.428887113785,0.991429180676686
7917.467587611891,0.9959936855757785
7917.498548323211,0.9938983070363065
7917.537249603411,0.9901171154675839
7917.575951318116,0.979243171039418
7917.60691300273,0.9694980681503862
7917.645615499564,0.9790618062241259
7917.684318430922,0.9855145570089507
7917.723021796814,0.9827084105581707
7917.753984802395,0.9868270969646773
7917.792688950462,0.997885565994515
7917.831393533081,0.9970697900661052
7917.862357512059,1.0028400925903067
7917.9010628768865,1.001227108880155
7917.939768676287,0.9983473648493799
7917.978474910266,0.9921390543873958
7918.009440210349,0.988999936480859
7918.048147226586,1.0021198328574172
7918.086854677419,1.0079993696777114
7918.117820951002,1.011346548466665
7918.156529184127,1.0152750711393903
7918.19523785187,1.0043888969799182
7918.233463087775,1.0097629955680163
7918.264430678256,1.0005198958450205
7918.303140557529,0.9882064494944574
7918.341850871446,0.984595628363663
7918.372819435528,0.9699498474022501
7918.411530531819,0.9622831857541008
7918.450242062774,0.9623945321792715
7918.481211600498,0.9691148138978933
7918.519923913863,0.9912136774845899
7918.558636661908,1.0033058064984057
7918.597349844642,0.9989334921162623
7918.628320703811,1.0048979080799425
7918.667034669001,1.0214046959783833
7918.705749068901,1.0197775038419685
7918.736720901815,1.021892590228164
7918.775436084206,1.0484043190318428
7918.814151701324,1.0745917422617268
7918.852867753179,1.085340176627623
7918.883840907674,1.084304214685916
7918.922557742067,1.0769161354668777
7918.961275011213,1.0539968584814088
7918.992249139557,1.044759929706839
7919.030967191278,1.041267437232391
7919.069685677772,1.029895268662947
7919.100660780008,1.031089820982692
7919.139380049111,1.029299895367054
7919.178099753008,1.0197297886739478
7919.2168198917025,1.0131656547338568
7919.247796315721,1.0117556873630111
7919.28651723707,1.0109668163336993
7919.325238593242,0.9899711039161185
7919.355731967268,0.9705729699068442
7919.394454100695,0.9685340955535753
7919.43317666896,0.9738054250364669
7919.471899672069,0.9803977963058936
7919.502878387651,0.9828610590456184
7919.541602173499,0.9793278346304795
7919.580326394212,0.9715720398376584
7919.61130608389,0.9764783882468651
7919.650031087377,0.9844697937339462
7919.688756525748,0.9923650172812415
7919.727482399009,0.9920033802180108
7919.758463410745,0.9867862230814672
7919.797190066827,0.9751475518501387
7919.835917157821,0.9794176033587267
7919.866899143755,0.9867274191414539
7919.905627017604,0.9931922215581523
7919.944355326383,1.001499431411796
7919.97533828656,1.0020480738338537
7920.014067378229,0.9921527176584088
7920.052796904847,0.9830966611156522
7920.091526866422,0.98654105316537
7920.122511148855,0.994346341026545
7920.161241893368,0.9929284669758247
7920.199973072855,0.9980082912346138
7920.230958329632,1.0059447061022269
7920.269690292094,1.0048253807086203
7920.308422689551,1.005069503578262
7920.347155522008,1.0121527670710913
7920.37814210118,1.0126924004523317
7920.416875716659,1.0113521486079973
7920.455125588842,1.0139743784626527
7920.486113138111,1.0134168049848713
7920.524847966229,0.9972715476745089
7920.563583229387,0.9829648183509265
7920.594571753147,0.977563737950653
7920.633307799395,0.9878560496606432
7920.672044280702,1.0015988143684467
7920.710781197078,1.0006234833344476
7920.741771043429,0.9983034352905229
7920.780508742941,0.9894451397250981
7920.819246877541,0.9803367130217351
7920.850237698487,0.985629489644432
7920.888976616258,0.9852044658885166
7920.927715969136,0.9801967432125711
7920.966455757125,0.9682751412500055
7920.997447900802,0.9692857705515239
7921.036188472012,0.9715922789250331
7921.074929478354,0.9707487198814355
7921.105922596727,0.9656220193950278
7921.144664386323,0.9656877925671572
7921.183406611072,0.9721724616009997
7921.22214927098,0.9835578187396352
7921.253143712223,0.9827676708350215
7921.291887155433,0.982545590167258
7921.330631033819,0.9911542881562634
7921.3616264498605,0.993817160090904
7921.400371111585,0.986829923354372
7921.439116208506,0.9993125083798364
7921.470112599391,0.9970731957284689
7921.508858479684,1.0001468653692007
7921.547604795194,0.9969045204408586
7921.585867208858,0.9797246539279185
7921.616864918459,0.9680624841518537
7921.655612447172,0.9541210989060096
7921.694360411128,0.9502567118075513
7921.725359095672,0.959234360642581
7921.764107843083,0.9813437820429658
7921.802857025757,1.0070561103433973
7921.841606643699,1.0150145752383213
7921.872606651452,1.0152302902602963
7921.911357052895,1.0146469152928308
7921.950107889628,0.9933159745348439
7921.981108872427,0.9852118159034522
7922.019860492697,0.9750581601087576
7922.058612548276,0.9543969586507164
7922.089614506165,0.9404723891076696
7922.128367345315,0.9495131477272514
7922.167120619794,0.9672793539524398
7922.205874329607,0.9771035565486017
7922.236877610901,0.9881605923366537
7922.2756321043325,0.9870177752931191
7922.314387033118,0.9775871049329059
7922.345391289606,0.980200066011748
7922.384147002046,0.9923847485099881
7922.42290314986,1.0035419462438817
7922.461659733053,1.0171746226291452
7922.492665313087,1.0114887365286958
7922.531422679982,0.9964882651416724
7922.570180482277,0.9891911053822815
7922.601187037605,0.9804856168175111
7922.639945623638,0.9773152270630432
7922.678220154634,0.9852495910448369
7922.716979606067,0.9931936809698274
7922.747987480727,0.9950213272211845
7922.786747715945,0.994008516477688
7922.825508386609,0.9808766999802123
7922.856517236664,0.9730294374093411
7922.895278691148,0.9826847584169132
7922.934040581097,0.9865749375844854
7922.965050406595,0.9844335518156679
7923.003813080396,0.9883155940287716
7923.042576189682,0.9925492110208693
7923.081339734461,0.9923835020985612
7923.112350883842,0.9865073268889166
7923.15111521252,0.9769453520581446
7923.18987997671,0.9742657566874182
7923.220892101635,0.9721921037123904
7923.25965764976,0.9783934102358318
7923.298423633418,0.9888489082218579
7923.337190052612,0.9906711719527368
7923.368203501557,0.9817171963706506
7923.406970704736,0.9718767730758266
7923.445738343469,0.9553248804010712
7923.476752768061,0.9593859586666604
7923.515521190815,0.9772621313294814
7923.5542900491455,0.9885317703086147
7923.585305449426,0.9822221676089968
7923.624075091811,0.9625779015253109
7923.662845169789,0.9467567651999507
7923.70161568337,0.9352558351432685
7923.732632407873,0.936210965825927
7923.771403705557,0.9448792596523612
7923.809690789505,0.9579884003042032
7923.840708485445,0.9708192125833979
7923.879480997441,0.9794378041881215
7923.918253945077,0.9917585747234436
7923.957027328363,1.0052316532402934
7923.98804634866,1.0115549658242282
7924.02682051613,1.0180422798874846
7924.065595119267,0.9974947851902449
7924.09661511546,0.986528560294339
7924.135390502815,0.9856123387997544
7924.174166325857,0.9924784376952178
7924.212942584593,0.9946714404619841
7924.243963905286,0.9966138603001131
7924.282740948289,1.0029966882331394
7924.321518427004,1.016024049144065
7924.352540723695,1.0205511275712282
7924.391318986712,1.0343991485496395
7924.430097685462,1.0296815584360741
7924.4611209581935,1.0183789281676952
7924.499900441282,1.0075924458708423
7924.53868036012,1.008253369716077
7924.577460714717,1.0111422592636707
7924.608485312147,1.0099135376095223
7924.647266451128,0.9955738962356555
7924.68604802589,0.9755499779169443
7924.717073599462,0.9698825776167921
7924.755855958644,0.9706740256093493
7924.79463875362,0.9717152016067083
7924.833421984404,0.9736669916949734
7924.864448882813,0.977564915178472
7924.902748095183,0.9794050329043502
7924.941532540808,0.992621856906259
7924.972560411106,1.0013023414023072
7925.011345641235,1.002967229936737
7925.050131307205,0.9926136601917253
7925.081160153796,0.9816106376028466
7925.119946604303,0.9828324713583876
7925.158733490674,0.981049007933328
7925.197520812916,0.9760855244005484
7925.228550984539,0.9746618206045092
7925.267339091365,0.9852953415251855
7925.30612763408,0.9933854152716981
7925.3371587820975,0.9993152930044376
7925.375948109431,1.0089656565045488
7925.414737872675,1.0120431121137996
7925.453528071834,1.019593330669705
7925.4845605450255,1.0239625697352097
7925.523351528851,1.0207956064235346
7925.562142948614,1.0102965719540486
7925.5931763983,0.9922931095893417
7925.631968602765,0.9758907230197611
7925.670761243183,0.972456609088362
7925.709554319562,0.9725326881389587
7925.740589094566,0.9687800035686371
7925.779382955693,0.9678096046771878
7925.818177252803,0.9703712342232496
7925.849213004403,0.9765649191520656
7925.888008086299,0.9818313566614525
7925.926803604196,0.97918898888057
7925.957840332437,0.9843439697340344
7925.996636635153,0.9913176387441123
7926.034948411962,1.0023897405948279
7926.073745581276,0.9948077957307129
7926.104783630671,0.9862317057923577
7926.14358158485,0.9926692956225007
7926.182379975077,1.0034192446330044
7926.213419001216,1.0034939613645095
7926.252218176344,1.0099997599548716
7926.291017787536,1.0097022464336711
7926.329817834804,1.0152441111598747
7926.360858186595,1.0280533030108798
7926.399659018812,1.0380498522933113
7926.43846028712,1.0365806074615804
7926.469501615759,1.0290029418259983
7926.508303669051,1.0230300672989423
7926.547106158459,1.014528675392371
7926.578148463988,1.0166438662112132
7926.616951738412,1.0109806046379683
7926.65575544897,1.0184902797971926
7926.694559595665,1.0187192759072812
7926.725603227044,1.0110006809077288
7926.764408158807,0.9962982798030866
7926.803213526727,0.9812884169917686
7926.834258135102,0.9765102485329762
7926.873064288124,0.9754074294467303
7926.911870877322,0.9718869582390401
7926.950677902707,0.9565434182491312
7926.981723837071,0.9413219390951144
7927.020531647606,0.9344556236028527
7927.059339894344,0.9469620570135375
7927.090386805805,0.951290787357796
7927.128710722136,0.9518895775851755
7927.167520184828,0.9498194384213761
7927.206330083751,0.9572610860172337
7927.23737831698,0.9740430261301223
7927.276189001134,0.9857131671335779
7927.31500012154,1.0011791480810763
7927.346049331968,1.0164139588526457
7927.38486123764,1.0229939718962076
7927.423673579582,1.017463480352458
7927.454723767255,1.0036287609890329
7927.493536894497,0.9882527408578237
7927.53235045803,0.990442165686382
7927.571164457857,0.9870542688106716
7927.602215971858,0.9936432091583112
7927.641030757034,1.0172666254794818
7927.679845978528,1.0279759437787088
7927.710898469874,1.0240639255107307
7927.749714476752,1.0239456309513648
7927.788530919965,1.0131883699806803
7927.827347799518,1.005272308695524
7927.858401617333,1.0032217275720778
7927.8972192823185,0.9993161617973374
7927.936037383667,1.0011769430689146
7927.96709217893,1.0051345821133553
7928.005911065745,1.008255525556957
7928.044730388941,1.0004931940131636
7928.075786161698,1.0043363303075246
7928.114606270396,1.0156420269960087
7928.153426815494,1.023074110490242
7928.192247797,1.0352073979938576
7928.223304896423,1.0432287565734677
7928.261641388696,1.0579009509393167
7928.300463586724,1.0607745196786211
7928.331521659377,1.066510132674272
7928.37034464299,1.0724779239160203
7928.409168063047,1.0693982344729676
7928.447991919559,1.0489674900138737
7928.479051319019,1.033521462595207
7928.517875961164,1.0201243536042979
7928.55670103978,1.0239316507330565
7928.587761416939,1.0245161591851635
7928.626587281222,1.0121563150960946
7928.665413581999,1.0081319120856913
7928.704240319274,1.0021932353564673
7928.735302023379,0.999198506845874
7928.774129546368,0.9935939203269764
7928.812957505879,0.9929136350432435
7928.844020187784,0.9947688345775485
7928.8828489330435,1.0033502539527444
7928.921678114842,1.012079506703731
7928.952741774592,1.0177496156895238
7928.991571742176,1.0296625000336121
7929.030402146315,1.0302487244181426
7929.069232987022,1.0320428246079847
7929.100297973916,1.0353766260163895
7929.139129600455,1.0212987710962815
7929.177961663577,1.005415196787043
7929.20902762842,1.0010546229597352
7929.247860477411,0.9966720081727816
7929.286693763005,0.9846587136057012
7929.32552748521,0.977203279550309
7929.356109348749,0.9834854750667674
7929.394943851413,0.9807163073872187
7929.433778790705,0.9722673969413977
7929.464847056517,0.9834558007256786
7929.50368278176,0.994853876364163
7929.542518943655,0.9874343205114084
7929.573588187561,0.9932667902125447
7929.61242513544,1.012026904171317
7929.6512625199875,1.0209242831135268
7929.69010034121,1.027205096152755
7929.721170912601,1.01582935113672
7929.760009519858,1.007691287342952
7929.798848563811,1.001363426196168
7929.829920113398,0.9939812788968316
7929.86875994342,0.9845691224511977
7929.907600210156,0.9833724599780167
7929.946440913614,0.9800584159877259
7929.977513790824,0.9758455411186739
7930.016355280401,0.9902152654488001
7930.055197206715,0.9963638306951379
7930.086271062228,0.9959676793684447
7930.125113774694,0.9872442344951557
7930.163956923923,0.9903939483651356
7930.202800509919,0.9940305107875891
7930.233875693193,1.0007083172006237
7930.272720065388,1.0133725332040457
7930.311564874371,1.0099769328109265
7930.342641036048,1.0017183228343634
7930.381486631266,0.9865633208598772
7930.42033266329,0.9863328659415582
7930.450924220952,0.9969495416459513
7930.489771033785,1.0096321390834546
7930.528618283443,1.010932427420798
7930.567465969937,1.0088556916909603
7930.598544433654,1.0171671737024883
7930.637392906464,1.0371755877354842
7930.676241816126,1.0469052528971328
7930.7073212583955,1.0480772594601102
7930.7461709544095,1.0347879187793643
7930.785021087297,1.0391132126320393
7930.823871657062,1.0422550027920494
7930.854952427434,1.0437972353843208
7930.8938037836,1.0344599266903223
7930.932655576663,1.0190618159863256
7930.963737325686,1.0083971332901613
7931.002589905188,1.0028110360803988
7931.041442921605,1.000205580859781
7931.072525649325,0.9885081126168296
7931.1113794522125,0.984677206659013
7931.150233692039,0.9803255223527869
7931.18908836881,1.0013232463555446
7931.220172424832,1.0111225219642532
7931.25902788812,1.019601769505868
7931.297883788373,1.0297135465382714
7931.328968823194,1.0279447403981739
7931.367825509999,1.0011232152135674
7931.406682633789,0.9847731644531266
7931.445540194571,0.9786654541927047
7931.476626557833,0.9766685566257782
7931.515484905213,0.9846222001139535
7931.554343689604,1.0021429079411437
7931.584945289897,1.016270180072218
7931.623804855461,1.009865230063161
7931.662664858055,1.0059114721843638
7931.701525297687,1.0092448158530543
7931.732613964063,1.0044533069609443
7931.771475190377,1.0169561326822263
7931.810336853748,1.0261152461932073
7931.841426499129,1.028864923979763
7931.880288949217,1.0161304026877558
7931.919151836383,1.00837477941382
7931.950242460814,0.9967915515839811
7931.989106134733,0.9805255827005812
7932.027970245747,0.9538454864346051
7932.066834793863,0.9307722693334428
7932.097926747074,0.934409637370458
7932.136792081992,0.9461434570814271
7932.175657854032,0.9537569437209388
7932.206750786395,0.9532096774198604
7932.245617345272,0.9561152360317458
7932.2844843412895,0.9599628863041989
7932.323351774455,0.96469030200913
7932.354446035738,0.9599764810162235
7932.39331425579,0.9611771848284891
7932.432182913006,0.9712219869492891
7932.463278153547,0.980978084257726
7932.502147597685,0.9888270804588382
7932.5410174790095,0.9976807244683923
7932.572113698849,1.0029380781392552
7932.610984367128,0.9991562478699898
7932.649855472616,0.9970455458306899
7932.688241118333,1.0012270554566445
7932.71933866292,1.0097532784002237
7932.758210987156,1.013767829294367
7932.797083748627,1.0272841572828915
7932.828182272618,1.0391206551059753
7932.867055821125,1.047183314952016
7932.905929806887,1.0355497706702406
7932.944804229906,1.030345387549781
7932.975904083156,1.0252457933693346
7933.014779293263,1.0084820891830601
7933.053654940649,1.0061545704779025
7933.084755773403,1.0176715309897932
7933.123632207909,1.0269442778223903
7933.162509079713,1.030576588532159
7933.201386388824,1.0371755568309062
7933.232488550979,1.0322439787889046
7933.271366647257,1.0299788632456048
7933.310245180862,1.040253859187238
7933.341348322625,1.044569185165578
7933.380227643433,1.042832715157189
7933.419107401584,1.046636903421192
7933.450211523001,1.0447397657662716
7933.489092068391,1.0332196623047831
7933.527973051148,1.0228906778276006
7933.566854471275,1.0215004883753265
7933.597959922289,1.0199647387092405
7933.636842129704,1.0150692978003018
7933.675724774509,1.0022142319307246
7933.706831205278,1.0009146531366495
7933.745714637405,0.9976434411150468
7933.784598506942,1.0038420613138423
7933.82299675736,1.0089296543449204
7933.854104513495,1.0146350491861846
7933.892989602351,1.006385153030121
7933.931875128644,1.0042658709445271
7933.962983864637,1.0143747182924372
7934.001870178334,1.0158840971531085
7934.040756929488,1.0060626022786439
7934.079644118106,1.0054698916604725
7934.110754183978,1.0036637228148733
7934.149642160048,1.0126231010598363
7934.188530573601,1.0201135451175365
7934.219641619436,1.0160881543099494
7934.258530820476,1.0111552752349788
7934.297420459019,0.9961724623501658
7934.32853248486,0.9937709946376303
7934.367422910926,1.007831577045424
7934.406313774513,1.0116974853433864
7934.44520507563,0.9952478655614332
7934.47631843155,0.9831037619676957
7934.515210520235,0.9734815904090852
7934.554103046472,0.9826217384898885
7934.585217382501,0.9935376640034217
7934.6241106963425,0.9947031616639512
7934.663004447752,1.0014141625137802
7934.701898636737,1.0004001300795833
7934.733014302985,1.0038146068843754
7934.771909279621,1.002458960194917
7934.810804693856,1.0122464846214208
7934.841921340315,1.02161719771634
7934.880817542236,1.0283237864294843
7934.919227971078,1.0397692808572365
7934.950345593419,1.0306434463827452
7934.989243015209,1.0155448465247925
7935.028140874631,1.0154011908312564
7935.067039171696,1.0357650034487071
7935.098158124455,1.0406015284705983
7935.137057209289,1.0281363724547063
7935.175956731787,1.019666202582428
7935.207076664903,1.018242740590253
7935.245976975207,1.0180941526678644
7935.284877723189,1.0152989698820434
7935.32377890886,1.0063618417138196
7935.354900172536,0.9979799560601883
7935.39380214606,1.0075451248995657
7935.432704557291,1.0153628390665048
7935.463826801429,1.0044722424245485
7935.502730000551,1.0032910026604098
7935.541633637397,1.0130359403701885
7935.580537711978,1.0099913824603506
7935.611661286814,0.9936314880809163
7935.650566149332,0.9818602073380926
7935.689471449603,0.98320538277644
7935.720596005005,0.9895608039464707
7935.759502093249,1.0091428261027506
7935.798408619265,1.0174358954426594
7935.829534155276,1.0119192696409487
7935.8684414693,0.9942179629520445
7935.9073492211155,0.9823682867977033
7935.946257410728,0.9956671930851331
7935.977384277639,1.002054037842891
7936.01629325531,1.0104127089413248
7936.054716300402,1.0205151792883336
7936.085844143648,1.0195125052014427
7936.124754341755,1.0141495004395331
7936.163664977698,1.0077086561646882
7936.202576051488,1.0003881991810812
7936.233705225773,1.002197063380952
7936.2726170877,1.017831643444844
7936.311529387493,1.0192861002418632
7936.342659542593,1.0139021256928382
7936.38157263056,1.013630313989115
7936.420486156408,1.0257305752112211
7936.451617292371,1.041783261949864
7936.4905316064305,1.0550021196726127
7936.529446358394,1.0604356532617156
7936.568361548268,1.0662187077743441
7936.599494015467,1.0657030882705294
7936.638409993598,1.0572423867316363
7936.677326409658,1.043371716802937
7936.708459857822,1.0250275121096115
7936.747377062175,1.0090000640606909
7936.786294704479,1.0045177187628958
7936.825212784738,1.0101374625777033
7936.85634756428,1.006803837539856
7936.895266432879,0.9955856635649403
7936.934185739457,0.9742489869844562
7936.965321500064,0.9576937857642769
7937.004241595016,0.9620420210306897
7937.043162127964,0.9770833916668134
7937.082083098914,0.9886873563192256
7937.113220191041,0.9903037035639204
7937.15165542572,0.9972576425726305
7937.19057761764,1.0043116324505559
7937.221715686557,1.002374074903812
7937.260638666937,1.0056128871396217
7937.299562085359,1.0145857766084285
7937.330701135491,1.0162524491457978
7937.369625342406,1.0113118676218786
7937.408549987383,1.0083097940338643
7937.4474750704285,1.0187328710080727
7937.478615452279,1.010354715726445
7937.517541323865,0.993242055741471
7937.556467633541,0.988668532559815
7937.587608996709,0.9878949842329114
7937.626536094959,0.992615527609882
7937.66546363132,0.9969704557806114
7937.704391605795,1.0008438978892369
7937.73553430082,1.0076914438652247
7937.77446306392,1.0233890381679565
7937.813392265152,1.024945584850346
7937.844535941601,1.0202880683071003
7937.883465931493,1.0159874706836494
7937.9223963595405,1.0165633511353604
7937.953541017454,1.0248949941671428
7937.992472234196,1.019447254101425
7938.031403889111,1.0033478905552484
7938.070335982208,1.0011743511831128
7938.10148197218,1.004008354880479
7938.14041485402,1.006817930127971
7938.17934817406,1.0173300635104416
7938.2104951456,1.0276513505464269
7938.249429254419,1.0254299252832153
7938.287877116914,1.009437695082447
7938.3268120966995,0.993469626336638
7938.357960396058,0.9966034081781596
7938.39689616467,1.013649193560883
7938.435832371528,1.02608819074964
7938.466981652557,1.026320838391723
7938.505918648278,1.028503353645896
7938.544856082264,1.030981008483975
7938.583793954524,1.0405192177028268
7938.614944567892,1.0399317653977764
7938.653883229061,1.0275135122730574
7938.692822328521,1.014063559921593
7938.723973923666,1.0029415831002484
7938.762913812071,0.9948863218668256
7938.801854138787,0.988432309993414
7938.833006715752,0.9820170511526192
7938.871947831448,0.9822000032328813
7938.910889385478,0.978099700861585
7938.949831377844,0.9758575055368239
7938.980985287348,0.9768468990733545
7939.019928068743,0.9893319451998
7939.058871288496,0.993983026238535
7939.090026179923,0.9843854242051802
7939.128970188739,0.9759388046699793
7939.167914635933,0.9819061082359168
7939.206859521512,0.9822300946713283
7939.238015745618,0.984536081790673
7939.276961420308,0.9837830211537673
7939.315907533404,0.985908959177433
7939.347064739535,0.9930250325459871
7939.385524802794,1.0006808833680425
7939.424472137977,1.0041658207715214
7939.455630321795,1.0046832503591
7939.4945784461615,1.0137581599243795
7939.533527008971,1.0177353037484036
7939.572476010232,1.0108287418508655
7939.60363552693,1.008227069369428
7939.64258531742,1.0038929877072176
7939.68153554638,1.0005953770118037
7939.712696045252,1.0036794720755098
7939.7516470634755,1.0107168581188937
7939.7905985201905,1.0153087726200956
7939.829550415403,1.0164435363017532
7939.860712247293,1.016467709591982
7939.899664931818,1.0114579584778665
7939.938618054859,1.0032769153529724
7939.969780869029,0.9973768743775755
7940.008734781416,1.0034862749211515
7940.047689132341,1.0060245275063848
7940.086643921808,0.9886217203241559
7940.11780806914,0.9872762523490162
7940.156763648002,0.9974801778002824
7940.195719665429,1.0025532858530661
7940.22688479514,0.9950937199547321
7940.265841601997,0.9767997477711292
7940.304798847437,0.9929430338055023
7940.335964959572,1.0136818850639082
7940.374922994479,1.0339203441356521
7940.413881467987,1.0340244773665797
7940.452840380103,1.034807321922883
7940.484007825601,1.0343290019552678
7940.522480528255,1.0322312340937065
7940.561440663033,1.0286432338230422
7940.592609086672,1.0224673267106443
7940.631570010998,1.0309887618357265
7940.670531373973,1.0374123986757242
7940.709493175604,1.0341913290611984
7940.740662932744,1.0229875163197195
7940.779625523971,1.0141445059425052
7940.818588553873,1.0056452336634987
7940.849759293647,1.0024443224615618
7940.888723113181,0.9962385083404144
7940.927687371411,0.998917876435458
7940.95885909386,1.0109734226275418
7940.997824141757,1.0195165228123368
7941.036789628369,1.0080016244591214
7941.075755553701,1.0091374266812891
7941.106928609854,1.0190995022737919
7941.145895324901,1.0296016231376108
7941.184862478691,1.026334537319924
7941.216036517621,1.0228566225690037
7941.255004461162,1.0156496348437303
7941.293972843462,1.0218158600980431
7941.332941664531,1.0120974455598708
7941.364117037304,0.9991524986108125
7941.403086648173,0.9901707702609439
7941.442056697829,0.9911881696777018
7941.473233053483,0.9903896126464447
7941.512203892973,0.9864881545775086
7941.551175171269,0.9806433877390017
7941.590146888379,0.9666641493058081
7941.620837424459,0.9576334281753112
7941.6598099259645,0.9467520748413771
7941.698782866306,0.9377490049502821
7941.729961534543,0.9293436163634874
7941.768935264802,0.9396475253395926
7941.807909433913,0.9679314670003749
7941.839089085181,0.976720644160527
7941.878064044246,0.9675385049181402
7941.917039442182,0.9571315615943741
7941.956015279001,0.9584500490530283
7941.98719626445,0.9673816793558769
7942.026172891268,0.9788924544193913
7942.065149956985,0.987603321599698
7942.096331925571,0.9967860563550119
7942.1353097813235,1.0049780524537335
7942.174288075997,1.0066286713216024
7942.213266809594,1.0019013806524688
7942.244450112506,1.0017025469190672
7942.283429636186,1.0118365824809368
7942.322409598814,1.011200610515023
7942.353593884963,1.0056054692957175
7942.392574637711,1.0107850100472136
7942.431555829423,1.0159282195452282
7942.462741098853,1.0161456858799416
7942.501723080721,1.0057146667098318
7942.540705501574,1.00500060228129
7942.579688361418,1.0070524012764717
7942.610874965373,1.0116893205773023
7942.649858615421,1.0215332464272375
7942.68884270448,1.0348029994123518
7942.720030291822,1.0347164686254535
7942.758527857418,1.026819067126468
7942.797513170259,1.0297138101684882
7942.836498922137,1.0330659858304179
7942.867687839753,1.0293959607281578
7942.9066743819185,1.0096641398124189
7942.945661363141,1.0092533801991932
7942.976851264247,1.0169777126106445
7943.01583903579,1.0107289440334057
7943.054827246413,1.0160324933406792
7943.093815896119,1.0313137762592646
7943.125007132029,1.039547404783095
7943.163996572107,1.0351705673598195
7943.202986451286,1.0377267728557562
7943.234178670791,1.0366699980978389
7943.273169340375,1.0339542660754653
7943.312160449084,1.0289101262760878
7943.343353652224,1.022038295892149
7943.382345551375,1.0161872854461695
7943.4213378896675,1.0116147124119315
7943.460330667111,1.0242389845352957
7943.491525205258,1.030437952802605
7943.530518773191,1.0294575397659333
7943.569512780292,1.0350050000154924
7943.6007083021805,1.0378876499182015
7943.639703099805,1.0397902875065794
7943.67869833662,1.0475631938088332
7943.717694012632,1.0568259341847632
7943.748890869668,1.054939034473994
7943.7878873362515,1.045215464678284
7943.826884242051,1.0387368579822829
7943.857594614507,1.0370104542153065
7943.896592305425,1.0224019895645202
7943.935590435577,1.01772236532239
7943.9667892559555,1.0259372143516332
7944.005788176749,1.0388245166380792
7944.0447875368,1.0234247538506336
7944.083787336113,1.0089821404793577
7944.114987491838,1.014574479396633
7944.153988081842,1.0111982552874237
7944.1929891111295,1.0042333091310889
7944.224190250846,0.992094467386681
7944.263192070859,0.9991626945536474
7944.302194330174,1.0107636781823586
7944.341197028796,1.0114871752814651
7944.372399504003,1.0080252093195174
7944.411402993399,1.0055744506562674
7944.450406922126,1.015832622208109
7944.481610381427,1.0289987916317787
7944.520615100963,1.0412277039897984
7944.559620259846,1.0412536382975557
7944.598625858085,1.0338525093067867
7944.629830653017,1.0339314526025158
7944.668837042113,1.0350874972397757
7944.707843870585,1.038963440246814
7944.739049649716,1.0447914246124883
7944.778057269081,1.0471555228576874
7944.81706532784,1.0388782782731754
7944.848272091216,1.0470746457943654
7944.887280940902,1.0518215087659144
7944.926290230004,1.0458208206245896
7944.964812334209,1.0472580926380177
7944.996020429021,1.0484436527272671
7945.035030943028,1.0441420231489513
7945.074041896473,1.0312607753724627
7945.105250975634,1.0234255487474568
7945.144262720093,1.008003259831612
7945.183274904011,1.0013361953283961
7945.222287527398,1.0066277521562097
7945.253497942529,1.0118739905320695
7945.292511356975,1.0028896470199826
7945.33152521091,0.9994243086765819
7945.362736610492,0.999550425472542
7945.401751255522,1.010470493430696
7945.440766340057,1.0191494267369017
7945.471978724136,1.0163110877475572
7945.510994599803,1.0172516991774683
7945.550010914995,1.0269085902420407
7945.589027669723,1.0377618933569415
7945.620241389973,1.0425459952108818
7945.659258935877,1.033686178076805
7945.698276921337,1.0171215125483903
7945.729491626186,1.0185924984810095
7945.768510402859,1.0182348946187825
7945.8075296191055,1.0110409614011795
7945.846549274932,1.0005385996256948
7945.877765316094,1.0051395462133377
7945.916785763182,1.0162296097521781
7945.955806649869,1.007221075606126
7945.987023675737,0.9984007241907522
7946.026045353721,0.9952351410425755
7946.065067471326,1.0028340334428436
7946.103602243878,1.0260334414803296
7946.134820601803,1.033347756258141
7946.173843944884,1.0295978025785666
7946.212867727611,1.0134561635080488
7946.244087070343,0.9956519430425441
7946.28311164445,0.9974327739198736
7946.322136658225,1.0103252022577378
7946.353356985807,1.0204213489709415
7946.392382790998,1.0270443516279775
7946.431409035874,1.0355641612356257
7946.470435720441,1.0183186057825824
7946.501657384679,1.0024119837563477
7946.540684860712,0.9965404176540449
7946.579712776455,0.9933520518723657
7946.61093542565,0.999615215603765
7946.649964132895,1.0273733825631957
7946.68899327987,1.0292513969061803
7946.728022866586,1.02691890901004
7946.759246852574,1.0156718778067533
7946.798277230837,1.00721808060493
7946.83730804886,1.0098595833286472
7946.868533019908,1.0083921169836976
7946.907564629512,0.9949280112591403
7946.946596678895,0.9781748352600332
7946.977822635047,0.9704135942298708
7947.016855476051,0.9731490068962239
7947.05588875685,0.9793376939483369
7947.094922477456,0.9781439259812599
7947.126149770605,0.9946604808143737
7947.165184282877,1.0134120839007081
7947.203731295358,1.0283742002656597
7947.234959569316,1.0211507935594792
7947.273995307617,1.0214870937464207
7947.3130314857635,1.0362185632537495
7947.35206810376,1.0483279819230777
7947.383297714856,1.0455162493669425
7947.422335124602,1.0351988972877038
7947.461372974221,1.0333052362030393
7947.492603570627,1.032848363427935
7947.531642212032,1.0278172262812189
7947.570681293327,1.008844837646375
7947.60972081452,1.0052224232185307
7947.6409527482065,1.0019504163369486
7947.679993061232,1.006170758246232
7947.719033814176,0.9971298084777316
7947.7502667332765,0.9873847965446916
7947.789308278091,0.9860096818101194
7947.828350262842,0.9781952820373401
7947.859584167402,0.978010069351753
7947.898626944057,0.9878246130898121
7947.93767016067,1.00591248416648
7947.976713817247,1.0211243047183705
7948.007949059287,1.0274265985931914
7948.046993507816,1.0301094918077796
7948.08603839633,1.0274675758480705
7948.117274623934,1.027880688282791
7948.156320304434,1.0273315066830377
7948.195366424941,1.0120371304166371
7948.234412985456,1.0126853303043613
7948.265650550682,1.0151319156309033
7948.304697903232,1.0125397319773946
7948.343257595692,1.0167517354431657
7948.374496142184,1.0188807546622316
7948.413544721338,1.0198204310366403
7948.452593740541,1.0309222090110206
7948.483833272745,1.0404286614103662
7948.522883084055,1.051051666804045
7948.561933335437,1.0498596998115164
7948.600984026893,1.0370551451904897
7948.632224896918,1.0360257264023516
7948.671276380531,1.0446994598885773
7948.71032830424,1.043083966553488
7948.741570160081,1.0332176524860373
7948.78062287598,1.0312587060103828
7948.819676031996,1.0383163219656262
7948.858729628135,1.033503621242693
7948.889972821939,1.0231692042751246
7948.929027210317,1.0171069987038535
7948.968082038837,1.019071507753623
7948.999326218562,1.0244650214559792
7949.038381839356,1.0281502015458202
7949.077437900313,1.0281864767030326
7949.116494401441,1.0143292963231627
7949.14773991927,1.0156942930237784
7949.186797212718,1.0203696983064834
7949.225854946357,1.0080420298547674
7949.25710145021,0.9937816565155491
7949.296159976208,0.9958985122781894
7949.335218942414,0.9989485137498941
7949.366466432334,1.0053688068562554
7949.405526190934,1.0092786546547339
7949.4440981345615,1.0092316333701714
7949.483158768121,1.0048170708372792
7949.514407591946,1.002345222700113
7949.5534690179475,1.0112485953108616
7949.592530884208,1.0105544824823989
7949.623780694203,1.0162692403411695
7949.662843352939,1.0284388068646477
7949.701906451949,1.0468462433612207
7949.740969991241,1.0524087698812463
7949.772221139684,1.0481573231473444
7949.811285471503,1.0374757509531216
7949.850350243624,1.0339394990672648
7949.881602378341,1.0290155048529692
7949.920667943023,1.0156080415263113
7949.959733948025,1.0084036754815342
7949.998800393357,1.0083799888327094
